timestamp_ms,ax_g,ay_g,az_g,gx_dps,gy_dps,gz_dps
7694385,-0.001,-0.001,-0.000,-0.42,0.08,-0.37
7694585,0.000,-0.000,0.001,-0.33,0.13,-0.40
7694785,0.001,0.002,-0.002,-0.16,0.14,-0.28
7694985,-0.002,0.001,0.002,-0.34,0.18,-0.33
7695185,0.000,0.003,-0.000,-0.33,0.12,-0.37
7695385,-0.000,0.001,0.001,-0.46,0.09,-0.44
7695585,0.001,-0.000,-0.001,-0.10,0.18,-0.32
7695785,0.000,0.002,0.001,-0.53,0.15,-0.37
7695985,0.000,0.001,-0.000,-0.40,0.16,-0.40
7696185,0.001,-0.004,0.002,-0.16,0.11,-0.38
7696385,-0.001,-0.004,-0.002,-0.17,0.11,-0.40
7696585,0.000,-0.004,-0.000,-1.01,0.06,-0.40
7696785,-0.000,0.001,-0.000,-0.31,0.12,-0.33
7696985,-0.004,0.002,-0.001,-0.55,0.15,-0.29
7697185,0.005,0.007,-0.000,-0.07,0.21,-0.15
7697385,0.002,0.004,0.001,0.15,0.35,-0.40
7697585,-0.002,-0.002,0.001,-0.15,0.19,-0.34
7697785,-0.002,-0.005,-0.000,-0.36,0.09,-0.37
7697985,0.000,-0.006,-0.001,-1.04,-0.00,-0.40
7698185,-0.001,-0.002,-0.001,-0.32,0.19,-0.25
7698385,-0.003,0.005,0.000,-0.75,0.09,-0.40
7698585,-0.002,-0.000,0.002,0.03,0.19,-0.35
7698785,0.003,0.001,0.002,-0.27,0.15,-0.40
7698985,0.000,-0.001,0.001,-0.32,0.11,-0.31
7699185,-0.001,0.001,0.001,-0.32,0.14,-0.35
7699385,0.000,0.001,-0.001,-0.32,0.11,-0.41
7699585,-0.000,-0.001,-0.001,-0.17,0.16,-0.34
7699785,0.002,-0.000,0.000,-0.42,0.12,-0.44
7699985,0.001,0.004,-0.000,-0.29,0.19,-0.35
7700185,-0.000,-0.002,0.000,-0.37,0.12,-0.37
7700385,0.005,0.002,-0.001,0.02,0.19,-0.17
7700585,0.015,-0.008,-0.015,-0.51,-0.04,-0.42
7700785,0.001,0.016,-0.004,-0.16,0.07,-0.15
7700985,-0.007,-0.002,0.002,0.18,0.19,-0.31
7701185,-0.006,0.001,0.002,-0.30,0.14,-0.36
7701385,-0.003,-0.008,0.006,-0.24,0.04,-0.31
7701585,-0.002,-0.000,0.002,-0.62,0.07,-0.40
7701785,0.000,-0.004,0.002,-1.24,0.06,-0.45
7701985,0.003,0.002,0.001,1.00,0.24,-0.08
7702185,-0.003,0.002,0.002,-0.27,0.11,-0.30
7702385,-0.004,-0.005,-0.004,-0.32,0.02,-0.35
7702585,-0.008,-0.009,0.006,-0.40,0.31,-0.39
7702785,0.004,0.005,-0.001,-0.11,0.16,-0.27
7702985,0.001,0.014,0.001,-0.26,0.26,-0.42
7703185,0.002,-0.001,-0.005,-0.22,0.07,-0.38
7703385,0.001,-0.003,-0.002,-0.14,0.00,-0.30
7703585,0.000,-0.000,0.002,-0.24,0.20,-0.37
7703785,-0.000,-0.002,0.002,-0.37,0.17,-0.40
7703985,-0.002,-0.000,0.001,-0.54,0.05,-0.34
7704185,-0.007,-0.003,0.003,-0.21,0.25,-0.34
7704385,0.001,0.001,-0.002,-0.29,0.10,-0.35
7704585,0.002,0.002,-0.000,-0.27,0.21,-0.40
7704985,0.002,-0.000,-0.002,-0.41,0.15,-0.37
7705185,0.001,0.002,0.000,-0.30,0.14,-0.34
7705385,-0.006,-0.000,0.008,-0.45,0.14,-0.37
7705585,0.002,-0.000,-0.000,-0.33,0.17,-0.31
7705785,0.000,-0.001,-0.001,-0.31,0.15,-0.34
7705985,0.001,0.000,-0.002,-0.30,0.15,-0.31
7706185,0.000,0.000,0.000,-0.37,0.15,-0.33
7706385,0.001,-0.001,-0.000,-0.27,0.11,-0.31
7706585,0.001,0.002,-0.001,-0.32,0.26,-0.28
7706785,-0.001,-0.000,0.001,-0.31,0.16,-0.31
7706985,0.001,0.001,0.002,-0.27,0.17,-0.37
7707185,0.002,-0.001,-0.000,-0.36,0.11,-0.37
7707385,-0.000,-0.000,-0.002,-0.31,0.16,-0.31
7707585,0.001,0.001,0.001,-0.29,0.16,-0.31
7707785,-0.001,-0.001,0.001,-0.33,0.10,-0.33
7707985,-0.000,-0.001,0.001,-0.33,0.11,-0.37
7708185,-0.003,-0.001,-0.002,-0.33,0.13,-0.35
7708385,0.000,-0.000,-0.002,-0.31,0.12,-0.44
7708585,0.001,-0.001,0.000,-0.30,0.11,-0.31
7708785,0.003,-0.000,-0.000,-0.33,0.16,-0.44
7708985,0.000,-0.000,-0.000,-0.30,0.14,-0.37
7709185,-0.000,0.000,-0.001,-0.30,0.16,-0.35
7709385,-0.002,-0.001,0.002,-0.29,0.15,-0.30
7709585,0.000,0.001,-0.002,-0.30,0.12,-0.32
7709785,0.004,0.002,-0.003,-0.34,0.17,-0.39
7709985,0.001,0.001,-0.000,-0.19,0.13,-0.31
7710185,-0.003,0.000,-0.000,-0.34,0.12,-0.37
7710385,0.002,-0.001,-0.001,-0.27,0.09,-0.34
7710585,-0.000,-0.001,0.001,-0.30,0.12,-0.43
7710785,-0.000,0.000,0.000,-0.35,0.13,-0.35
7710985,0.001,-0.002,0.001,-0.27,0.12,-0.35
7711185,0.000,0.000,-0.001,-0.31,0.12,-0.33
7711385,-0.001,-0.001,0.001,-0.28,0.15,-0.35
7711585,-0.001,0.000,-0.002,-0.33,0.12,-0.37
7711785,-0.000,0.000,0.001,-0.29,0.12,-0.42
7711985,0.000,0.003,0.001,-0.27,0.17,-0.43
7712185,-0.002,0.002,0.001,-0.22,0.13,-0.39
7712385,-0.000,-0.003,-0.002,-0.31,0.11,-0.37
7712585,0.001,0.000,-0.000,-0.30,0.14,-0.31
7712785,-0.001,0.002,0.000,-0.34,0.16,-0.32
7712985,0.000,-0.001,0.001,-0.27,0.12,-0.35
7713185,-0.001,0.001,0.000,-0.35,0.15,-0.34
7713385,0.003,0.002,0.001,-0.30,0.10,-0.37
7713585,-0.001,-0.002,-0.000,-0.34,0.09,-0.44
7713785,-0.001,-0.003,0.001,-0.45,0.19,-0.37
7713985,0.002,0.001,0.000,-0.24,0.06,-0.48
7714185,-0.000,-0.009,0.001,-0.69,0.06,-0.45
7714385,0.001,0.003,0.000,-0.29,0.16,-0.33
7714585,-0.001,0.002,-0.002,-0.37,0.10,-0.45
7714785,-0.000,-0.004,0.000,-0.21,0.20,-0.33
7714985,0.002,-0.001,0.001,-0.52,0.09,-0.34
7715185,-0.001,0.003,0.000,-0.21,0.16,-0.36
7715385,-0.001,0.003,-0.000,-0.32,0.16,-0.35
7715585,0.000,-0.002,0.001,-0.36,0.15,-0.32
7715785,0.000,0.002,-0.002,-0.26,0.10,-0.28
7715985,0.001,0.000,-0.000,-0.08,0.12,-0.33
7716185,-0.000,0.001,0.001,-0.25,0.09,-0.37
7716385,-0.001,-0.002,0.000,-0.31,0.09,-0.39
7716585,-0.002,-0.001,-0.001,-0.35,0.12,-0.41
7716785,0.001,-0.002,0.000,-0.41,0.12,-0.37
7716985,0.002,0.001,0.000,-0.01,0.15,-0.30
7717185,-0.001,-0.004,0.000,-0.25,0.11,-0.40
7717385,-0.000,0.001,-0.000,-0.30,0.16,-0.37
7717585,-0.000,0.001,-0.001,-0.33,0.04,-0.36
7717785,0.002,0.001,0.001,-0.28,0.12,-0.40
7717985,-0.001,-0.000,0.001,-0.40,0.12,-0.37
7718185,0.001,-0.000,0.001,-0.46,0.12,-0.38
7718385,-0.001,0.000,0.001,-0.31,0.10,-0.44
7718585,0.001,-0.001,0.001,-0.35,0.12,-0.34
7718785,0.001,0.002,0.000,-0.23,0.09,-0.34
7718985,-0.001,-0.002,-0.003,-1.01,0.07,-0.52
7719185,0.000,-0.004,0.000,-0.64,0.12,-0.34
7719385,0.001,0.001,0.001,-0.28,0.11,-0.33
7719585,-0.001,0.002,0.000,-0.49,0.09,-0.31
7719785,-0.002,-0.001,-0.001,-0.30,0.19,-0.33
7719985,-0.001,-0.001,0.000,-0.38,0.06,-0.34
7720185,-0.000,-0.001,-0.000,-0.37,0.09,-0.36
7720385,-0.001,0.003,0.001,-0.29,0.13,-0.37
7720585,0.001,0.003,-0.002,-0.31,0.09,-0.34
7720785,-0.000,0.001,0.000,-0.26,0.16,-0.37
7720985,0.000,-0.001,-0.002,-0.55,0.06,-0.45
7721185,-0.003,-0.002,0.001,-0.44,0.32,-0.37
7721385,0.002,0.002,-0.001,-0.40,0.16,-0.31
7721585,0.000,0.002,-0.001,-0.28,0.10,-0.37
7721785,-0.000,0.001,-0.001,-0.37,0.11,-0.39
7721985,-0.003,-0.003,0.002,-0.08,0.13,-0.34
7722185,-0.000,0.001,0.000,-0.52,0.16,-0.37
7722385,0.001,-0.003,0.001,-0.40,0.12,-0.35
7722585,0.001,0.003,-0.000,-0.34,0.12,-0.34
7722785,-0.000,-0.001,0.000,-0.42,0.07,-0.40
7722985,0.000,-0.005,-0.000,-0.43,0.13,-0.36
7723185,0.001,-0.002,-0.002,-0.32,0.17,-0.33
7723385,0.001,0.002,0.000,-0.43,0.15,-0.28
7723585,-0.004,0.001,-0.002,-0.37,0.18,-0.31
7723785,-0.001,0.001,-0.001,-0.84,0.09,-0.40
7723985,0.004,0.002,0.002,-0.66,0.04,-0.37
7724185,0.001,0.001,-0.000,0.07,0.18,-0.36
7724385,-0.002,-0.000,0.002,-0.24,0.16,-0.37
7724585,-0.000,-0.001,0.001,-0.38,0.15,-0.35
7724785,0.002,-0.001,-0.001,-0.29,0.16,-0.31
7724985,-0.003,-0.002,-0.001,-0.35,0.11,-0.48
7725185,0.001,-0.001,-0.001,-0.47,0.15,-0.37
7725385,0.001,0.000,-0.001,-0.29,0.16,-0.36
7725585,0.002,-0.001,0.000,-0.24,0.11,-0.35
7725785,0.000,-0.001,-0.001,-0.33,0.09,-0.31
7725985,-0.002,0.001,-0.001,-0.34,0.21,-0.28
7726185,-0.001,-0.002,-0.001,-0.36,0.11,-0.36
7726385,0.000,0.000,0.001,-0.32,0.10,-0.37
7726585,-0.000,-0.001,0.002,-0.37,0.19,-0.31
7726785,0.000,0.003,-0.001,-0.44,0.19,-0.37
7726985,-0.001,0.002,0.003,-0.47,0.08,-0.40
7727185,0.003,-0.003,0.004,-0.20,0.18,-0.39
7727385,0.000,0.004,-0.002,-0.18,0.19,-0.28
7727585,-0.003,-0.001,0.001,-0.27,0.10,-0.28
7727785,-0.002,0.001,-0.001,-0.42,0.17,-0.33
7727985,0.005,0.002,-0.001,-0.38,0.09,-0.28
7728185,-0.000,0.002,0.003,-0.26,0.06,-0.37
7728385,0.000,-0.004,-0.001,-0.49,0.10,-0.28
7728585,-0.000,0.003,-0.001,-0.29,0.12,-0.32
7728785,-0.003,0.001,-0.001,-0.38,0.12,-0.34
7728985,0.002,0.002,-0.001,-0.42,0.08,-0.31
7729185,0.002,0.002,0.000,-0.27,0.18,-0.35
7729385,-0.001,0.001,-0.002,-0.29,0.15,-0.30
7729585,-0.001,-0.000,0.002,-0.25,0.16,-0.32
7729785,0.000,-0.001,-0.001,-0.31,0.12,-0.34
7729985,-0.002,-0.001,0.003,-0.33,0.03,-0.44
7730185,-0.000,0.001,-0.001,-0.29,0.15,-0.34
7730385,0.002,-0.001,0.001,-0.32,0.16,-0.37
7730585,-0.001,-0.001,-0.001,-0.30,0.19,-0.31
7730785,0.001,0.000,0.000,-0.34,0.16,-0.36
7730985,0.004,0.001,0.002,-0.37,0.12,-0.34
7731185,-0.004,-0.000,-0.000,-0.31,0.25,-0.32
7731385,0.001,-0.000,0.001,-0.32,0.20,-0.33
7731585,-0.000,-0.000,0.000,-0.30,0.07,-0.37
7731785,0.000,0.001,-0.001,-0.32,0.09,-0.42
7731985,0.001,0.001,-0.001,-0.37,0.18,-0.31
7732185,0.002,0.000,-0.001,-0.34,0.08,-0.32
7732385,-0.001,-0.000,-0.001,-0.38,0.11,-0.34
7732585,-0.002,-0.002,0.001,-0.38,0.12,-0.31
7732785,-0.000,-0.003,0.000,-0.28,0.19,-0.41
7732985,-0.001,-0.001,0.000,-0.18,0.12,-0.28
7733185,-0.002,-0.001,-0.001,-0.33,0.16,-0.37
7733385,-0.000,0.001,-0.000,-0.37,0.12,-0.29
7733585,-0.003,0.003,-0.001,-0.28,0.11,-0.36
7733785,0.004,-0.000,-0.002,-0.37,0.24,-0.39
7733985,0.000,-0.002,-0.000,-0.30,0.16,-0.40
7734185,-0.000,-0.000,-0.001,-0.38,0.17,-0.36
7734385,0.002,0.002,0.001,-0.33,0.17,-0.30
7734585,0.002,0.001,0.000,-0.33,0.12,-0.33
7734785,-0.000,-0.002,0.001,-0.28,0.19,-0.34
7734985,0.002,-0.002,0.001,-0.31,0.08,-0.21
7735185,-0.004,0.003,0.001,-0.30,0.15,-0.32
7735385,0.001,0.001,-0.001,-0.34,0.05,-0.38
7735585,-0.001,-0.003,0.001,-0.37,0.18,-0.41
7735785,0.001,0.002,-0.003,-0.39,0.13,-0.29
7735985,0.002,0.002,-0.001,-0.26,0.13,-0.34
7736185,-0.000,-0.001,-0.000,-0.30,0.11,-0.40
7736385,-0.002,0.001,-0.000,-0.39,0.09,-0.16
7736585,0.001,0.009,0.000,-0.46,0.05,0.09
7736785,-0.005,-0.016,0.005,-0.50,0.16,0.07
7736985,0.002,-0.001,-0.002,-0.29,0.14,-0.48
7737185,0.003,0.001,0.001,-0.24,0.07,-0.66
7737385,0.002,0.001,-0.001,-0.33,0.21,-0.31
7737585,-0.001,-0.000,0.001,-0.35,0.10,-0.34
7737785,-0.001,-0.002,0.000,-0.30,0.11,-0.50
7737985,-0.001,-0.004,-0.003,-0.24,0.13,-0.70
7738185,0.005,0.013,0.001,-0.42,0.11,-0.32
7738385,-0.005,-0.008,-0.001,-0.08,0.19,-0.43
7738585,-0.000,0.002,0.000,-0.40,0.15,-0.20
7738785,-0.001,0.004,0.001,-0.26,0.13,-0.47
7738985,0.007,-0.003,-0.005,-0.30,-0.08,-0.45
7739185,-0.001,0.000,0.003,-0.45,0.15,-0.31
7739385,-0.002,-0.000,0.004,-0.17,0.14,-0.30
7739585,-0.002,0.002,-0.002,-0.72,0.08,-0.50
7739785,0.000,-0.002,0.001,-0.84,0.09,-0.34
7739985,0.003,0.002,0.002,0.09,0.18,-0.19
7740185,-0.002,-0.003,-0.000,-0.37,0.14,-0.38
7740385,0.004,-0.001,-0.002,-0.12,0.03,-0.39
7740585,-0.003,0.002,0.001,-0.15,0.16,-0.25
7740785,0.000,0.002,-0.002,-0.29,0.12,-0.34
7740985,0.002,-0.001,0.000,-0.33,0.11,-0.31
7741185,0.003,0.001,0.001,-0.21,0.10,-0.34
7741385,0.002,0.008,0.000,-0.27,0.12,-0.35
7741585,-0.006,-0.005,0.002,-0.24,0.14,-0.40
7741785,0.001,-0.002,0.001,-0.33,0.16,-0.37
7741985,0.001,-0.000,-0.000,-0.28,0.19,-0.37
7742185,-0.005,-0.002,-0.002,-0.46,0.10,-0.37
7742385,-0.001,0.007,-0.004,-0.59,0.05,-0.42
7742585,-0.001,0.000,0.001,-0.48,0.08,-0.41
7742785,-0.003,-0.002,0.001,-0.43,0.14,-0.30
7742985,0.006,0.000,0.002,0.19,0.19,-0.43
7743185,-0.003,-0.004,-0.003,0.70,0.32,-0.30
7743385,-0.004,0.003,-0.001,-0.49,0.10,-0.25
7743585,0.006,-0.000,0.001,-0.28,0.12,-0.39
7743785,-0.002,-0.005,0.002,0.17,0.20,-0.38
7743985,-0.008,-0.001,-0.001,-0.40,0.12,-0.32
7744185,-0.001,-0.001,0.003,-0.52,0.12,-0.42
7744385,0.004,0.002,-0.000,-0.30,0.20,-0.37
7744585,0.001,0.004,-0.001,-0.30,0.07,-0.42
7744785,-0.002,-0.006,-0.000,-0.34,0.16,-0.34
7744985,0.002,-0.002,0.000,-0.54,0.01,-0.40
7745185,-0.002,0.001,-0.001,-0.45,0.10,-0.44
7745385,0.006,0.002,0.002,-0.59,0.08,-0.42
7745585,-0.000,0.001,-0.003,0.01,0.21,-0.25
7745785,-0.001,0.006,-0.000,-0.23,0.10,-0.31
7745985,-0.000,0.006,0.001,-0.27,0.19,-0.44
7746185,0.001,-0.005,0.000,-0.59,0.09,-0.34
7746385,0.001,0.005,-0.000,0.05,0.17,-0.34
7746585,-0.004,0.003,-0.001,-0.08,0.22,-0.40
7746785,-0.003,0.001,-0.002,-0.22,0.12,-0.21
7746985,-0.005,0.006,0.001,-0.18,0.18,-0.31
7747185,0.003,-0.004,0.000,-0.36,0.17,-0.41
7747385,-0.004,-0.012,0.000,-0.60,0.11,-0.29
7747585,-0.001,-0.000,0.001,-0.47,0.11,-0.27
7747785,0.006,0.004,-0.002,-0.26,0.04,-0.42
7747985,0.004,-0.004,0.003,-0.24,0.08,-0.22
7748185,-0.003,0.004,-0.002,-0.20,0.16,-0.40
7748385,-0.001,-0.004,0.001,-0.26,0.14,-0.34
7748585,0.004,0.001,-0.001,-0.45,0.06,-0.34
7748785,-0.002,-0.009,0.001,-0.27,0.19,-0.43
7748985,0.001,0.000,0.001,-0.43,0.19,-0.05
7749185,-0.002,-0.001,0.001,-0.27,0.06,-0.51
7749385,-0.001,0.002,-0.000,-0.38,0.12,-0.42
7749585,0.001,0.005,0.001,-0.33,0.19,-0.34
7749785,-0.002,-0.003,-0.004,-0.40,0.15,-0.24
7749985,0.002,0.001,0.001,-0.43,0.18,-0.34
7750185,0.004,-0.001,-0.001,-0.44,0.21,-0.57
7750385,0.000,-0.003,0.000,-0.37,0.10,-0.31
7750585,-0.001,-0.002,0.001,-0.14,0.09,-0.49
7750785,-0.004,-0.001,-0.000,-0.33,0.18,-0.28
7750985,-0.001,0.004,0.000,-0.30,0.25,-0.40
7751185,-0.001,0.004,-0.000,-0.32,0.09,-0.34
7751585,-0.000,-0.003,-0.001,-0.26,0.03,-0.34
7751785,0.004,0.002,-0.001,-0.43,0.06,-0.36
7751985,0.000,0.000,0.000,-0.24,0.16,-0.34
7752185,-0.001,0.001,0.002,-0.37,0.19,-0.38
7752385,-0.002,-0.003,-0.000,0.39,0.20,-0.24
7752585,-0.007,0.003,0.005,-0.39,0.40,-0.31
7752785,0.004,0.005,-0.002,-0.30,0.12,-0.34
7752985,0.002,-0.000,0.001,-0.24,0.12,-0.36
7753185,0.001,-0.007,0.001,-0.48,0.08,-0.40
7753385,-0.001,0.007,-0.004,-0.34,0.17,-0.28
7753585,0.006,0.002,-0.003,-0.32,0.15,-0.37
7753785,-0.003,-0.004,-0.004,-0.21,0.18,-0.35
7753985,-0.001,-0.005,-0.001,-0.54,0.05,-0.45
7754185,-0.000,0.000,0.002,-0.33,0.13,-0.33
7754385,0.001,0.001,0.001,-0.36,0.13,-0.31
7754585,-0.001,-0.002,0.001,-0.24,0.15,-0.43
7754785,-0.000,0.002,-0.002,-0.29,0.12,-0.31
7754985,0.001,0.006,-0.002,-0.17,0.09,-0.23
7755185,0.001,-0.003,0.001,-0.29,0.14,-0.34
7755385,0.003,0.000,-0.002,-0.40,0.14,-0.35
7755585,0.002,0.003,0.006,0.40,0.22,-0.37
7755785,-0.003,-0.006,-0.000,-0.67,0.06,-0.38
7755985,0.004,0.004,-0.000,-0.40,0.12,-0.32
7756185,0.003,0.007,-0.001,-0.28,0.12,-0.34
7756385,0.000,-0.006,0.001,1.30,0.25,-0.30
7756585,-0.006,-0.008,0.000,-0.85,0.07,-0.40
7756785,-0.001,-0.002,0.001,-0.69,0.12,-0.41
7756985,0.007,0.003,-0.001,-0.06,0.21,-0.44
7757185,-0.008,-0.005,-0.001,-0.13,0.11,-0.24
7757385,-0.002,-0.001,-0.007,-0.33,-0.23,-0.47
7757585,-0.002,0.002,0.003,-0.30,0.22,-0.44
7757785,-0.002,0.001,-0.002,-0.40,0.33,-0.25
7757985,0.001,0.004,-0.004,-0.35,0.12,-0.33
7758185,0.012,0.010,-0.005,-0.77,-0.17,-0.37
7758385,-0.004,-0.004,-0.002,1.70,0.25,-0.28
7758785,0.004,0.005,0.012,-0.76,0.09,-0.43
7758985,-0.002,-0.001,0.002,-0.31,0.13,-0.58
7759185,-0.007,-0.009,-0.000,-0.08,0.10,-0.32
7759385,-0.001,-0.006,0.001,-1.02,0.05,-0.46
7759585,-0.003,0.002,-0.001,-0.33,0.18,-0.29
7759785,0.003,0.005,0.000,-0.56,0.17,-0.34
7759985,-0.001,0.004,0.002,-0.76,0.12,-0.48
7760185,0.007,-0.003,0.004,-0.57,0.28,-0.47
7760385,-0.006,0.005,0.005,-0.45,0.20,-0.20
7760585,-0.001,0.009,0.001,-0.17,0.14,-0.39
7760785,0.000,0.000,0.001,-0.24,0.13,-0.34
7760985,-0.003,0.001,0.003,-0.31,0.25,-0.37
7761185,0.003,-0.006,-0.004,-0.29,0.09,-0.21
7761385,0.002,0.007,-0.002,-0.36,0.14,-0.36
7761585,0.000,0.003,-0.001,-0.37,0.10,-0.37
7761785,0.000,-0.003,0.002,-0.16,0.17,-0.31
7761985,-0.008,-0.007,-0.003,-0.37,0.22,-0.35
7762185,0.002,-0.002,-0.002,-0.55,0.11,-0.34
7762385,0.001,0.004,-0.000,-0.16,0.10,-0.41
7762585,-0.002,-0.004,0.000,-0.30,0.15,-0.39
7762785,0.002,0.000,-0.001,-0.28,0.16,-0.34
7762985,0.001,-0.001,0.002,-0.40,0.11,-0.42
7763185,0.005,-0.000,-0.000,-0.27,0.02,-0.31
7763385,0.000,-0.001,-0.000,-0.30,0.12,-0.36
7763585,-0.001,-0.002,-0.002,-0.33,0.13,-0.39
7763785,-0.006,-0.004,-0.000,-0.40,0.11,-0.28
7763985,0.003,0.002,-0.001,-0.35,0.10,-0.30
7764185,-0.001,0.002,-0.001,-0.30,0.10,-0.32
7764385,0.002,-0.001,-0.002,-0.29,0.19,-0.41
7764585,-0.002,-0.002,0.001,-0.28,0.12,-0.34
7764785,-0.004,-0.002,0.001,-0.49,0.10,-0.31
7764985,0.002,0.005,-0.001,-0.26,0.16,-0.35
7765185,0.003,-0.001,0.001,-0.32,0.17,-0.40
7765385,0.001,0.001,0.001,-0.29,0.09,-0.31
7765585,0.002,0.001,-0.002,-0.31,0.12,-0.37
7765785,-0.001,-0.002,-0.000,-0.29,0.12,-0.42
7765985,0.000,-0.004,-0.000,-0.34,0.09,-0.35
7766185,-0.001,0.002,-0.000,-0.36,0.09,-0.38
7766385,-0.000,-0.001,0.001,-0.30,0.10,-0.31
7766585,-0.002,0.001,-0.002,-0.29,0.12,-0.27
7766785,0.000,-0.001,0.000,-0.39,0.17,-0.29
7766985,-0.000,0.002,0.001,-0.26,0.18,-0.31
7767185,-0.002,0.001,-0.001,-0.28,0.13,-0.37
7767385,-0.001,0.000,0.000,-0.31,0.15,-0.35
7767585,0.001,-0.000,0.002,-0.27,0.07,-0.34
7767785,-0.000,-0.001,0.000,-0.36,0.13,-0.37
7767985,0.001,0.001,-0.000,-0.27,0.14,-0.34
7768185,0.002,0.003,0.002,-0.30,0.18,-0.30
7768385,-0.002,-0.002,0.001,-0.39,0.17,-0.24
7768585,0.003,0.004,-0.001,-0.24,0.11,-0.36
7768785,-0.000,-0.004,0.003,-0.18,0.12,-0.33
7768985,-0.000,0.000,-0.004,-0.24,0.09,-0.24
7769185,-0.004,-0.002,-0.000,-0.45,0.18,-0.39
7769385,0.002,-0.000,-0.000,-0.31,0.05,-0.30
7769585,-0.001,0.000,-0.002,-0.28,0.13,-0.33
7769785,0.003,-0.001,-0.002,-1.66,-0.13,-0.73
7769985,0.001,0.003,0.001,-0.71,0.07,-0.23
7770185,-0.001,-0.002,0.001,-0.24,0.25,-0.50
7770385,-0.006,-0.002,-0.001,-0.37,0.15,-0.31
7770585,-0.001,0.005,-0.002,-0.39,0.17,-0.27
7770785,0.003,0.001,0.002,-0.30,0.15,-0.42
7770985,0.002,-0.002,-0.001,-0.33,0.13,-0.25
7771185,0.000,-0.000,-0.000,-0.33,0.12,-0.36
7771385,0.001,0.000,0.002,-0.36,0.09,-0.31
7771585,-0.001,-0.001,0.000,-0.34,0.12,-0.29
7771785,0.001,-0.000,0.001,-0.31,0.19,-0.36
7771985,-0.000,0.001,-0.001,-0.32,0.19,-0.34
7772185,-0.000,-0.001,-0.001,-0.35,0.12,-0.31
7772385,0.000,0.001,-0.002,-0.37,0.12,-0.33
7772585,0.001,0.000,0.001,-0.33,0.16,-0.41
7772785,-0.002,0.001,0.000,-0.27,0.09,-0.37
7772985,-0.000,-0.001,0.001,-0.29,0.09,-0.34
7773185,0.001,-0.001,-0.002,-0.31,0.13,-0.31
7773385,0.000,0.001,0.001,-0.29,0.20,-0.34
7773585,-0.001,-0.000,0.001,-0.32,0.08,-0.35
7773785,0.001,0.002,0.001,-0.31,0.16,-0.37
7773985,0.000,-0.001,-0.002,-0.28,0.16,-0.37
7774185,-0.000,-0.003,-0.001,-0.38,0.11,-0.31
7774385,0.002,0.004,0.001,-0.35,0.09,-0.34
7774585,-0.000,-0.001,0.000,-0.25,0.09,-0.39
7774785,-0.000,-0.001,0.000,-0.36,0.18,-0.42
7774985,0.001,-0.000,-0.001,-0.28,0.10,-0.32
7775185,-0.000,0.002,-0.000,-0.36,0.18,-0.42
7775385,0.001,-0.000,0.001,-0.33,0.11,-0.38
7775585,-0.001,0.001,0.001,-0.37,0.21,-0.35
7775785,-0.001,-0.000,-0.001,-0.28,0.12,-0.35
7775985,-0.000,0.000,0.002,-0.34,0.14,-0.33
7776185,-0.000,0.001,0.002,-0.30,0.11,-0.37
7776385,0.001,0.001,-0.002,-0.35,0.13,-0.31
7776585,-0.001,-0.003,-0.001,-0.34,0.17,-0.39
7776785,-0.001,-0.000,-0.001,-0.39,0.17,-0.31
7776985,-0.001,-0.004,0.001,-0.34,0.09,-0.35
7777185,-0.000,-0.002,0.000,-0.39,0.10,-0.29
7777385,0.001,0.002,-0.000,-0.30,0.16,-0.30
7777585,-0.000,0.002,-0.002,-0.32,0.19,-0.32
7777785,0.001,-0.000,0.000,-0.33,0.15,-0.28
7777985,-0.001,0.001,0.001,-0.29,0.15,-0.31
7778185,-0.000,-0.000,-0.002,-0.27,0.12,-0.39
7778385,-0.001,-0.001,0.002,-0.34,0.15,-0.33
7778585,0.000,-0.001,0.001,-0.30,0.12,-0.35
7778785,0.002,0.002,0.001,-0.30,0.16,-0.37
7778985,-0.001,0.000,0.001,-0.37,0.12,-0.37
7779185,-0.003,-0.000,0.001,-0.20,0.07,-0.34
7779385,0.002,-0.000,-0.000,-0.38,0.09,-0.31
7779585,0.001,0.005,-0.001,-0.36,0.06,-0.31
7779785,0.001,-0.001,-0.000,-0.24,0.10,-0.39
7779985,0.004,0.000,-0.004,-0.32,0.01,-0.46
7780185,-0.001,-0.004,0.001,-0.27,0.09,-0.34
7780385,-0.002,0.004,-0.000,-0.35,0.09,-0.26
7780585,0.001,0.000,-0.000,-0.37,0.14,-0.38
7780785,0.002,0.004,0.003,-0.52,0.09,-0.34
7780985,0.001,0.005,0.001,-0.24,0.16,-0.41
7781185,-0.001,-0.004,0.000,-0.32,0.09,-0.35
7781385,-0.002,-0.004,-0.002,-0.31,0.15,-0.33
7781585,0.001,0.000,0.001,-0.33,0.14,-0.31
7781785,-0.001,0.001,0.002,-0.30,0.19,-0.38
7781985,-0.001,-0.002,0.001,-0.30,0.06,-0.37
7782185,-0.006,0.001,0.003,-0.31,0.08,-0.28
7782385,0.000,0.001,-0.001,-0.30,0.13,-0.36
7782585,0.000,-0.002,-0.003,-0.42,0.25,-0.24
7782785,0.002,0.000,0.001,-0.30,0.09,-0.38
7782985,0.001,0.000,-0.001,-0.25,0.15,-0.41
7783185,0.001,-0.001,-0.000,-0.27,0.16,-0.31
7783385,-0.000,-0.002,-0.002,-0.32,0.10,-0.36
7783585,0.006,0.004,-0.001,-0.30,0.07,-0.38
7783785,0.003,0.001,-0.000,-0.33,0.12,-0.31
7783985,-0.002,0.003,0.001,-0.21,0.10,-0.35
7784185,0.000,-0.003,-0.002,-0.65,0.09,-0.41
7784385,0.004,0.003,-0.001,-0.24,0.11,-0.28
7784585,-0.003,0.004,0.001,-0.13,0.15,-0.33
7784785,-0.004,-0.005,0.006,-0.17,0.06,-0.40
7784985,0.001,-0.006,-0.002,-0.27,0.22,-0.34
7785185,0.001,0.001,-0.003,-0.42,0.17,-0.24
7785385,0.004,0.004,0.001,-0.34,0.13,-0.34
7785585,-0.000,0.002,0.000,-0.08,0.19,-0.40
7785785,-0.002,-0.003,0.001,-0.30,0.15,-0.36
7785985,-0.002,-0.001,0.003,-0.30,0.20,-0.29
7786185,0.000,0.000,-0.001,-0.33,0.17,-0.37
7786385,0.000,0.001,0.001,-0.29,0.13,-0.35
7786585,-0.001,-0.002,0.001,-0.31,0.09,-0.37
7786785,0.000,-0.001,-0.001,-0.30,0.13,-0.32
7786985,-0.001,0.000,-0.000,-0.37,0.06,-0.28
7787185,0.001,-0.000,0.001,-0.34,0.16,-0.40
7787385,-0.001,-0.000,-0.000,-0.30,0.14,-0.40
7787585,0.000,0.001,0.002,-0.33,0.10,-0.28
7787785,0.000,0.001,0.000,-0.32,0.16,-0.33
7787985,0.001,0.000,-0.000,-0.34,0.12,-0.28
7788185,-0.000,-0.001,-0.003,-0.31,0.08,-0.35
7788385,-0.000,-0.000,-0.001,-0.33,0.12,-0.31
7788585,-0.002,0.002,0.001,-0.33,0.16,-0.29
7788785,0.002,0.002,-0.001,-0.33,0.09,-0.31
7788985,-0.001,-0.000,0.000,-0.33,0.14,-0.37
7789185,0.000,-0.003,0.000,-0.37,0.12,-0.34
7789385,0.001,-0.001,-0.001,-0.39,0.09,-0.32
7789585,0.002,0.001,0.000,-0.32,0.21,-0.34
7789785,-0.001,-0.002,0.000,-0.32,0.16,-0.42
7789985,-0.001,-0.002,-0.002,-0.27,0.16,-0.38
7790185,-0.001,-0.001,-0.001,-0.37,0.14,-0.34
7790385,-0.001,0.003,-0.001,-0.27,0.09,-0.35
7790585,0.000,0.001,0.001,-0.31,0.18,-0.35
7790785,0.001,0.001,0.001,-0.27,0.12,-0.31
7790985,-0.002,-0.002,0.004,-0.47,0.06,-0.38
7791185,0.001,0.001,-0.001,-0.38,0.10,-0.24
7791385,0.001,0.004,0.000,-0.34,0.18,-0.37
7791585,0.001,0.001,0.001,-0.28,0.16,-0.37
7791785,-0.002,-0.001,-0.001,-0.26,0.14,-0.41
7791985,0.000,-0.001,-0.000,-0.33,0.12,-0.37
7792185,0.000,-0.000,0.001,-0.29,0.17,-0.31
7792385,-0.002,0.002,0.001,-0.33,0.13,-0.45
7792585,0.001,-0.003,-0.000,-0.27,0.13,-0.40
7792785,-0.006,-0.003,0.003,-0.26,0.14,-0.28
7792985,0.001,-0.001,-0.002,-0.36,0.16,-0.32
7793185,0.003,0.002,-0.001,-0.33,0.12,-0.28
7793385,0.001,0.001,-0.002,-0.30,0.16,-0.37
7793585,0.000,0.002,-0.002,-0.24,0.09,-0.30
7793785,0.001,-0.000,0.000,-0.34,0.13,-0.40
7793985,0.002,0.000,-0.001,-0.39,0.12,-0.34
7794185,0.000,-0.000,-0.001,-0.36,0.12,-0.32
7794385,0.001,0.001,0.002,-0.33,0.20,-0.34
7794585,-0.000,-0.002,-0.001,-0.29,0.09,-0.36
7794785,0.001,0.000,0.001,-0.30,0.15,-0.39
7794985,0.001,0.000,0.001,-0.32,0.15,-0.37
7795185,0.001,0.000,0.001,-0.27,0.16,-0.40
7795385,-0.000,0.001,-0.002,-0.30,0.17,-0.32
7795585,-0.001,-0.002,-0.001,-0.29,0.11,-0.41
7795785,-0.001,0.000,0.001,-0.33,0.15,-0.34
7795985,-0.001,-0.001,-0.000,-0.37,0.16,-0.27
7796185,0.002,0.000,0.000,-0.30,0.16,-0.36
7796385,-0.000,0.002,0.000,-0.27,0.15,-0.32
7796585,0.001,0.001,-0.002,-0.33,0.14,-0.36
7796785,-0.001,0.001,0.001,-0.33,0.12,-0.34
7796985,-0.001,-0.001,-0.002,-0.30,0.15,-0.34
7797185,0.001,-0.001,-0.001,-0.30,0.09,-0.37
7797385,0.002,-0.000,0.002,-0.33,0.07,-0.38
7797585,0.002,0.003,-0.000,-0.32,0.08,-0.34
7797785,0.006,-0.011,0.001,-1.37,0.22,-0.62
7797985,0.000,-0.000,0.002,-0.32,0.14,-0.31
7798185,0.001,0.000,-0.005,-0.56,0.09,-0.31
7798385,-0.009,-0.003,-0.001,-0.53,0.01,-0.42
7798585,0.003,0.006,-0.000,-0.32,0.06,-0.25
7798785,0.001,0.004,-0.001,-0.23,0.15,-0.34
7798985,-0.001,-0.001,0.003,-0.32,0.11,-0.43
7799185,-0.001,-0.000,0.001,-0.32,0.09,-0.34
7799385,0.004,-0.002,-0.001,-0.37,0.02,-0.41
7799585,-0.004,0.001,0.002,-0.29,0.15,-0.28
7799785,0.000,0.003,-0.002,-0.38,0.10,-0.37
7799985,-0.002,-0.005,0.000,-0.33,0.07,-0.41
7800185,-0.003,-0.007,0.001,-0.31,0.15,-0.35
7800385,-0.002,-0.001,-0.002,-0.52,0.18,-0.28
7800585,0.001,0.006,-0.001,-0.37,0.14,-0.32
7800785,-0.000,0.005,0.000,-0.30,0.14,-0.31
7800985,-0.001,0.001,-0.000,-0.27,0.15,-0.37
7801185,0.002,0.007,0.001,-0.29,0.17,-0.33
7801385,0.001,0.003,0.002,-0.24,0.12,-0.43
7801585,0.004,-0.004,0.001,-0.13,0.32,-0.40
7801785,-0.004,-0.003,-0.002,-0.33,0.11,-0.39
7801985,0.001,0.000,0.001,-0.35,0.05,-0.35
7802185,-0.001,0.001,0.002,-0.29,0.12,-0.37
7802385,0.001,-0.001,-0.000,-0.32,0.09,-0.35
7802585,-0.001,-0.001,-0.002,-0.37,0.12,-0.37
7802785,0.007,0.000,-0.005,-0.33,0.12,-0.37
7802985,0.009,-0.001,-0.006,-0.29,0.11,-0.40
7803185,-0.004,-0.001,0.002,-0.33,0.10,-0.31
7803385,-0.003,0.000,0.001,-0.35,0.10,-0.35
7803585,-0.003,-0.001,0.001,-0.33,0.12,-0.37
7803785,-0.002,0.000,0.000,-0.32,0.12,-0.36
7803985,-0.003,-0.000,0.000,-0.32,0.12,-0.31
7804185,-0.001,0.000,0.001,-0.27,0.13,-0.31
7804385,-0.003,-0.002,0.001,-0.47,0.09,-0.44
7804585,-0.000,-0.000,0.001,-0.41,0.14,-0.27
7804785,0.006,0.001,-0.007,-0.33,0.25,-0.38
7804985,0.003,0.001,0.005,-0.20,-0.06,-0.37
7805185,0.000,0.003,0.001,-0.17,0.16,-0.34
7805385,-0.002,-0.002,-0.002,-0.23,0.06,-0.34
7805585,-0.008,-0.002,0.003,-0.35,0.17,-0.23
7805785,0.002,0.002,0.000,-0.30,0.15,-0.38
7805985,0.005,-0.001,-0.002,-0.25,0.05,-0.37
7806185,-0.003,-0.001,0.000,-0.32,0.12,-0.39
7806385,-0.001,-0.002,-0.001,-0.38,0.12,-0.31
7806585,0.000,0.000,-0.002,-0.33,0.06,-0.40
7806785,-0.000,-0.000,-0.000,-0.36,0.19,-0.34
7806985,0.001,0.002,0.001,-0.40,0.19,-0.35
7807185,0.000,-0.000,0.002,-0.25,0.13,-0.38
7807385,-0.002,-0.001,0.001,-0.36,0.14,-0.34
7807585,0.001,0.001,0.000,-0.33,0.16,-0.31
7807785,-0.002,-0.001,0.004,-0.36,0.08,-0.32
7807985,-0.001,0.002,-0.001,-0.34,0.18,-0.31
7808185,-0.000,-0.001,0.001,-0.32,0.19,-0.30
7808385,-0.000,0.000,0.000,-0.27,0.12,-0.41
7808585,0.001,0.001,-0.003,-0.24,0.19,-0.41
7808785,-0.001,-0.003,0.000,-0.29,0.17,-0.37
7808985,0.001,0.001,-0.000,-0.31,0.16,-0.26
7809185,-0.001,0.001,-0.000,-0.32,0.19,-0.37
7809385,0.000,0.002,0.001,-0.23,0.16,-0.27
7809585,-0.001,0.005,0.002,-0.33,0.17,-0.37
7809785,-0.001,-0.004,0.001,-0.28,0.11,-0.44
7809985,0.001,-0.002,0.003,-0.39,0.09,-0.31
7810185,-0.002,-0.001,-0.001,-0.34,0.09,-0.31
7810385,0.000,-0.001,-0.001,-0.33,0.11,-0.26
7810585,-0.000,0.002,0.001,-0.29,0.16,-0.35
7810785,-0.000,0.000,-0.001,-0.32,0.15,-0.28
7810985,-0.001,-0.001,-0.001,-0.30,0.18,-0.30
7811185,0.001,-0.001,-0.001,-0.30,0.13,-0.32
7811385,0.002,0.002,0.001,-0.29,0.17,-0.44
7811585,0.001,-0.001,-0.001,-0.35,0.12,-0.36
7811785,0.000,0.003,0.001,-0.36,0.14,-0.34
7811985,-0.001,-0.001,-0.000,-0.36,0.25,-0.32
7812185,-0.001,-0.001,-0.001,-0.30,0.07,-0.40
7812385,-0.001,0.001,-0.000,-0.33,0.12,-0.33
7812585,0.000,0.001,-0.000,-0.34,0.12,-0.34
7812785,0.002,-0.000,0.002,-0.33,0.16,-0.32
7812985,-0.002,0.000,-0.001,-0.28,0.09,-0.39
7813185,-0.006,-0.001,0.003,-0.30,0.22,-0.36
7813385,0.004,0.000,-0.001,-0.36,0.18,-0.34
7813585,0.001,0.002,-0.002,-0.32,0.15,-0.37
7813785,0.002,-0.000,0.001,-0.32,0.12,-0.33
7813985,0.001,-0.000,-0.001,-0.30,0.18,-0.31
7814185,-0.001,-0.001,0.002,-0.37,0.17,-0.37
7814385,0.001,0.002,0.001,-0.30,0.12,-0.32
7814585,0.001,-0.001,-0.002,-0.32,0.12,-0.33
7814785,-0.000,0.001,-0.002,-0.29,0.12,-0.33
7814985,-0.003,-0.001,0.002,-0.37,0.12,-0.35
7815185,0.001,-0.001,0.001,-0.27,0.09,-0.35
7815385,0.001,-0.001,-0.001,-0.30,0.13,-0.34
7815585,-0.002,-0.000,0.003,-0.28,0.25,-0.37
7815785,-0.000,0.001,-0.002,-0.33,0.16,-0.26
7815985,0.000,0.002,-0.001,-0.29,0.12,-0.37
7816185,-0.001,-0.001,-0.000,-0.33,0.17,-0.36
7816385,0.000,-0.002,-0.001,-0.37,0.16,-0.35
7816585,0.002,0.002,0.000,-0.26,0.09,-0.31
7816785,0.001,0.001,-0.001,-0.33,0.17,-0.26
7816985,-0.000,-0.001,-0.001,-0.28,0.12,-0.34
7817185,-0.000,-0.003,0.000,-0.28,0.12,-0.21
7817385,-0.000,0.001,-0.000,-0.29,0.18,-0.37
7817585,0.001,0.000,-0.000,-0.29,0.16,-0.31
7817785,-0.001,0.001,0.000,-0.28,0.15,-0.32
7817985,-0.001,-0.000,0.000,-0.33,0.23,-0.34
7818185,0.001,-0.001,-0.000,-0.37,0.10,-0.40
7818385,-0.001,0.000,-0.001,-0.29,0.16,-0.31
7818585,0.000,0.000,-0.000,-0.30,0.12,-0.32
7818785,-0.001,-0.001,-0.001,-0.26,0.19,-0.40
7818985,-0.001,-0.001,0.001,-0.33,0.18,-0.28
7819185,0.001,0.001,0.002,-0.37,0.12,-0.34
7819385,0.001,0.000,-0.002,-0.32,0.09,-0.38
7819785,0.000,-0.001,-0.001,-0.32,0.11,-0.39
7819985,-0.001,-0.001,0.001,-0.33,0.10,-0.34
7820185,-0.001,0.002,0.000,-0.36,0.11,-0.27
7820385,0.001,0.001,0.001,-0.36,0.18,-0.28
7820585,0.001,0.000,-0.000,-0.32,0.09,-0.31
7820785,-0.001,0.003,0.000,-0.37,0.19,-0.36
7820985,-0.000,0.002,0.001,-0.42,0.13,-0.31
7821185,0.002,-0.001,0.003,-0.28,0.16,-0.31
7821385,-0.001,-0.001,-0.001,-0.27,0.16,-0.29
7821585,-0.002,-0.000,0.000,-0.30,0.11,-0.30
7821785,-0.000,0.000,0.000,-0.30,0.13,-0.34
7821985,0.001,0.000,-0.002,-0.32,0.12,-0.37
7822185,0.001,-0.001,0.001,-0.33,0.15,-0.43
7822385,0.001,-0.001,-0.001,-0.35,0.14,-0.33
7822585,0.001,0.001,0.001,-0.36,0.16,-0.31
7822785,0.000,-0.001,-0.000,-0.30,0.13,-0.41
7822985,-0.001,-0.001,-0.001,-0.35,0.15,-0.32
7823185,-0.000,-0.000,0.001,-0.30,0.08,-0.34
7823385,0.001,0.001,-0.000,-0.37,0.17,-0.38
7823585,-0.000,-0.000,0.000,-0.32,0.16,-0.37
7823785,0.000,0.001,-0.000,-0.27,0.15,-0.37
7823985,0.001,-0.000,-0.002,-0.35,0.10,-0.34
7824185,-0.001,0.000,-0.001,-0.26,0.19,-0.37
7824385,-0.000,0.001,0.001,-0.28,0.09,-0.31
7824585,0.001,0.000,-0.003,-0.25,0.10,-0.35
7824785,-0.005,-0.002,0.002,-0.32,0.16,-0.37
7824985,-0.000,0.001,-0.000,-0.35,0.16,-0.31
7825185,-0.002,-0.001,-0.000,-0.46,0.12,-0.21
7825385,0.003,0.006,-0.001,-0.13,0.12,-0.49
7825585,-0.002,-0.003,0.001,-0.37,0.11,-0.34
7825785,0.005,0.006,0.001,-0.31,0.19,-0.32
7825985,0.004,-0.003,-0.001,-0.23,0.12,-0.35
7826185,0.007,-0.004,-0.002,-0.40,0.21,-0.20
7826385,-0.003,-0.000,0.004,-0.29,0.16,-0.34
7826585,-0.004,0.002,-0.003,-0.35,0.12,-0.33
7826985,0.000,-0.000,0.001,-0.30,0.09,-0.40
7827185,0.000,0.002,0.001,-0.28,0.14,-0.37
7827385,-0.001,0.001,0.002,-0.33,0.10,-0.31
7827585,-0.000,-0.002,-0.002,-0.42,0.10,-0.34
7827785,0.000,-0.000,0.001,-0.31,0.09,-0.34
7827985,0.001,0.002,-0.001,-0.25,0.20,-0.41
7828185,-0.001,-0.001,-0.001,-0.29,0.12,-0.40
7828385,0.002,-0.001,0.000,-0.30,0.12,-0.37
7828585,0.001,-0.005,-0.002,-0.37,0.21,-0.34
7828785,-0.002,0.003,-0.001,-0.38,0.16,-0.31
7828985,0.001,0.002,0.000,-0.27,0.14,-0.36
7829185,-0.001,0.001,0.003,-0.29,0.18,-0.37
7829385,-0.001,-0.001,-0.000,-0.27,0.17,-0.36
7829585,-0.002,0.000,0.003,-0.30,0.17,-0.37
7829785,0.003,-0.000,-0.001,-0.36,0.18,-0.34
7829985,-0.000,-0.001,0.000,-0.30,0.10,-0.40
7830185,0.000,0.002,-0.000,-0.30,0.17,-0.32
7830385,-0.003,-0.000,0.000,-0.38,0.07,-0.31
7830585,-0.002,0.000,-0.003,-0.24,0.18,-0.44
7830785,-0.000,0.003,-0.000,-0.31,0.17,-0.34
7830985,0.003,0.001,0.000,-0.24,0.15,-0.40
7831185,-0.001,-0.003,-0.001,-0.30,0.14,-0.34
7831385,0.000,-0.004,0.000,-0.40,0.12,-0.30
7831585,0.004,0.001,-0.002,-0.43,0.08,-0.28
7831785,-0.001,0.001,0.000,-0.33,0.16,-0.34
7831985,0.001,0.003,-0.001,-0.22,0.16,-0.38
7832185,0.000,-0.004,0.001,-0.28,0.13,-0.43
7832385,0.002,-0.002,-0.004,-0.29,0.05,-0.39
7832585,0.002,-0.001,0.000,-0.35,0.24,-0.33
7832785,0.001,0.001,0.001,-0.40,0.15,-0.16
7832985,0.006,-0.003,-0.008,-0.34,0.12,-0.49
7833185,0.001,0.005,0.003,-0.33,0.15,-0.25
7833385,-0.003,0.002,0.002,-0.34,0.14,-0.31
7833585,-0.003,0.003,0.006,-0.35,0.20,-0.39
7833785,0.000,-0.002,0.001,-0.30,0.10,-0.34
7833985,-0.003,-0.000,-0.000,-0.36,0.17,-0.37
7834185,-0.001,-0.003,0.000,-0.39,0.16,-0.34
7834385,-0.002,-0.001,0.000,-0.38,0.10,-0.35
7834585,-0.001,-0.001,0.001,-0.38,0.06,-0.39
7834785,-0.002,-0.000,0.001,-0.27,0.12,-0.37
7834985,-0.001,0.002,-0.002,-0.43,0.21,-0.27
7835185,0.003,0.000,0.000,-0.32,0.16,-0.37
7835385,0.002,0.003,-0.006,-0.32,0.15,-0.19
7835585,0.008,0.004,0.003,-0.53,0.06,-0.52
7835785,0.008,0.002,-0.006,-0.25,0.13,-0.35
7835985,-0.002,-0.001,0.002,-0.23,0.09,-0.31
7836185,-0.003,0.000,0.002,-0.30,0.09,-0.31
7836385,-0.004,-0.003,0.003,-0.27,0.12,-0.34
7836585,0.002,0.002,-0.002,-0.24,0.14,-0.39
7836785,0.003,-0.006,0.001,0.10,0.16,-0.36
7836985,-0.005,0.003,-0.001,-0.21,0.09,-0.41
7837185,0.000,0.003,-0.002,-0.25,0.11,-0.35
7837385,0.006,-0.002,-0.002,-0.12,0.17,-0.38
7837585,-0.005,-0.006,0.002,-0.48,0.12,-0.35
7837785,-0.001,-0.002,0.001,-0.33,0.19,-0.31
7837985,0.001,0.001,0.001,-0.33,0.12,-0.39
7838185,-0.003,0.003,0.002,-0.33,0.17,-0.43
7838385,-0.002,-0.003,0.002,-0.33,0.15,-0.33
7838585,0.000,0.001,-0.000,-0.30,0.14,-0.28
7838785,-0.000,0.002,0.001,-0.33,0.19,-0.39
7838985,-0.000,0.001,0.001,-0.29,0.08,-0.34
7839185,-0.000,-0.001,0.001,-0.35,0.15,-0.31
7839385,0.000,-0.000,0.000,-0.37,0.16,-0.25
7839585,-0.001,0.009,-0.003,-0.24,0.13,-0.35
7839785,-0.005,-0.005,-0.001,-0.33,0.17,-0.34
7839985,0.004,0.002,0.000,-0.27,0.17,-0.38
7840185,-0.000,-0.002,0.000,-0.30,0.18,-0.28
7840385,-0.001,-0.001,-0.000,-0.31,0.10,-0.35
7840585,-0.003,-0.004,0.001,-0.33,0.13,-0.37
7840785,0.002,0.000,0.000,-0.33,0.18,-0.34
7840985,0.002,-0.001,0.000,-0.35,0.12,-0.34
7841185,-0.002,-0.001,0.001,-0.31,0.12,-0.30
7841385,-0.001,-0.003,-0.000,-0.40,0.16,-0.31
7841585,-0.001,-0.001,0.001,-0.37,0.16,-0.27
7841785,-0.000,0.003,0.000,-0.32,0.13,-0.27
7841985,0.000,0.001,0.001,-0.16,0.16,-0.41
7842185,-0.000,-0.001,-0.001,-0.29,0.14,-0.40
7842385,-0.001,-0.001,0.002,-0.20,0.14,-0.29
7842585,-0.002,0.000,-0.001,-0.33,0.14,-0.29
7842785,0.003,0.002,0.001,-0.27,0.12,-0.38
7842985,0.000,-0.000,-0.001,-0.22,0.11,-0.44
7843185,0.000,-0.001,-0.001,-0.29,0.12,-0.41
7843385,-0.001,-0.006,-0.001,-0.30,0.17,-0.34
7843585,-0.003,0.001,0.002,-0.37,0.19,-0.25
7843785,0.001,0.003,-0.002,-0.36,0.08,-0.34
7843985,0.003,0.002,-0.001,-0.29,0.07,-0.33
7844185,-0.001,-0.002,0.001,-0.27,0.15,-0.35
7844385,-0.000,0.001,-0.001,-0.31,0.16,-0.39
7844585,0.000,0.002,0.002,-0.36,0.22,-0.31
7844785,-0.000,-0.001,-0.000,-0.34,0.14,-0.37
7844985,-0.000,-0.001,-0.000,-0.30,0.06,-0.36
7845185,-0.002,-0.004,-0.001,-0.40,0.16,-0.37
7845385,-0.000,-0.000,0.004,-0.41,0.16,-0.35
7845585,0.002,0.008,0.001,-0.29,0.15,-0.32
7845785,-0.001,0.008,-0.002,-0.30,0.15,-0.37
7845985,-0.002,-0.002,0.003,-0.25,0.19,-0.37
7846185,-0.002,-0.005,-0.001,-0.24,0.05,-0.34
7846385,0.000,-0.003,0.001,-0.34,0.11,-0.24
7846585,-0.002,-0.001,-0.001,-0.23,0.14,-0.31
7846785,0.006,0.001,0.001,-0.37,0.13,-0.28
7846985,-0.002,-0.005,-0.001,0.10,0.16,-0.28
7847185,-0.003,-0.005,-0.001,-0.51,0.09,-0.33
7847385,0.002,0.003,-0.001,-0.34,0.20,-0.28
7847585,0.002,0.002,-0.000,-0.31,0.12,-0.37
7847785,0.000,-0.001,-0.001,-0.22,0.19,-0.34
7847985,0.000,-0.001,0.003,-0.35,0.12,-0.31
7848185,0.001,0.000,0.000,-0.39,0.12,-0.29
7848385,-0.000,0.001,-0.001,-0.32,0.12,-0.40
7848585,-0.000,-0.000,-0.002,-0.37,0.17,-0.32
7848785,0.001,-0.000,0.000,-0.27,0.16,-0.41
7848985,0.001,-0.004,-0.005,-0.21,-0.01,-0.18
7849185,-0.005,0.009,0.007,-0.68,0.49,-0.57
7849385,0.002,-0.007,-0.005,0.26,0.22,-0.24
7849585,-0.002,0.004,-0.000,-0.31,0.13,-0.31
7849785,0.007,0.010,0.000,-0.29,0.16,-0.28
7849985,0.008,-0.008,0.009,1.67,0.49,-0.29
7850185,-0.005,0.000,-0.002,-0.70,0.10,-0.25
7850385,0.001,0.004,-0.001,-0.39,0.11,-0.28
7850585,-0.002,-0.000,-0.001,-0.22,0.12,-0.31
7850785,0.001,0.003,-0.001,-0.35,0.09,-0.38
7850985,-0.002,0.002,0.002,-0.22,0.35,-0.28
7851185,-0.007,0.000,-0.000,-0.24,0.05,-0.35
7851385,-0.011,-0.005,0.005,-0.33,0.09,-0.35
7851585,0.004,-0.003,-0.001,-0.43,0.11,-0.34
7851785,-0.001,0.001,0.004,-0.36,0.19,-0.36
7851985,0.004,0.000,-0.003,-0.33,0.19,-0.34
7852185,-0.000,-0.001,-0.001,-0.31,0.22,-0.33
7852385,-0.000,-0.001,-0.002,-0.37,0.18,-0.38
7852585,-0.000,0.000,-0.001,-0.35,0.09,-0.29
7852785,-0.001,0.000,0.001,-0.35,0.06,-0.41
7852985,-0.001,-0.000,-0.001,-0.31,0.27,-0.36
7853185,0.000,-0.000,-0.002,-0.36,0.06,-0.34
7853385,0.004,0.000,0.000,-0.23,0.15,-0.34
7853585,-0.003,0.000,0.001,-0.38,0.10,-0.29
7853785,0.001,0.002,0.003,-0.29,0.09,-0.25
7853985,0.007,0.001,-0.003,0.01,0.15,-0.32
7854185,0.007,-0.001,-0.000,0.04,0.16,-0.33
7854385,-0.003,0.004,-0.004,-0.29,0.12,-0.38
7854585,-0.001,0.001,0.003,-0.32,0.19,-0.34
7854785,-0.000,-0.008,0.002,0.08,0.20,-0.31
7854985,0.004,0.002,-0.006,-0.32,-0.13,-0.11
7855185,-0.001,0.005,0.003,-0.23,0.19,-0.34
7855385,-0.003,-0.007,0.001,-0.38,0.11,-0.34
7855585,-0.002,-0.001,0.001,-0.36,0.09,-0.28
7855785,-0.001,0.002,-0.002,-0.35,0.08,-0.35
7855985,-0.001,-0.003,-0.002,-0.25,0.17,-0.39
7856185,0.000,-0.003,0.002,-0.40,0.03,-0.30
7856385,-0.001,0.003,-0.000,-0.42,0.08,-0.36
7856585,-0.000,-0.000,0.000,-0.27,0.11,-0.32
7856785,0.000,0.001,-0.001,-0.34,0.12,-0.38
7856985,-0.001,0.003,0.001,-0.31,0.13,-0.32
7857185,0.005,-0.000,-0.001,-0.33,0.19,-0.30
7857385,-0.003,-0.013,-0.002,-0.46,0.07,-0.44
7857585,0.003,0.012,0.001,-0.34,0.08,-0.35
7857785,-0.001,-0.010,0.003,-0.33,0.23,-0.38
7857985,-0.001,0.006,-0.001,-0.34,0.18,-0.31
7858185,0.000,0.001,-0.000,-0.30,0.09,-0.49
7858385,-0.001,-0.001,0.001,-0.32,0.09,-0.33
7858585,0.000,0.004,-0.001,-0.28,0.13,-0.32
7858785,-0.002,0.001,-0.000,-0.28,0.15,-0.39
7858985,-0.000,0.000,0.003,-0.33,0.10,-0.29
7859185,0.001,0.002,-0.001,-0.23,0.18,-0.43
7859385,0.001,0.003,-0.002,-0.35,0.14,-0.37
7859585,-0.000,-0.002,0.001,-0.25,0.16,-0.42
7859785,0.000,0.002,0.002,-0.42,0.16,-0.25
7859985,-0.002,0.001,0.001,-0.28,0.15,-0.44
7860185,-0.002,-0.012,-0.000,-0.29,0.17,-0.36
7860385,0.003,0.002,0.003,-0.35,0.06,-0.31
7860585,0.001,0.001,-0.000,-0.27,0.12,-0.42
7860785,-0.000,-0.005,0.000,-0.31,0.16,-0.38
7860985,0.000,-0.000,-0.002,-0.36,0.18,-0.29
7861185,0.002,0.005,0.000,-0.33,0.19,-0.37
7861385,0.000,-0.003,-0.001,-0.13,0.15,-0.40
7861585,-0.002,-0.003,-0.001,-0.36,0.16,-0.34
7861785,0.001,0.002,-0.002,-0.35,0.19,-0.29
7861985,-0.001,0.003,0.003,-0.31,0.11,-0.34
7862185,-0.001,0.002,0.001,-0.34,0.15,-0.36
7862385,-0.000,0.002,0.000,-0.34,0.12,-0.34
7862585,0.001,-0.000,-0.001,-0.19,0.16,-0.43
7862785,-0.006,-0.007,-0.001,-0.37,0.16,-0.30
7862985,0.003,0.008,0.002,-0.37,0.18,-0.28
7863185,0.003,0.002,-0.000,-0.15,0.14,-0.34
7863385,-0.001,0.000,0.000,-0.40,0.16,-0.30
7863585,0.003,0.008,0.001,-0.25,0.08,-0.40
7863785,-0.001,-0.004,-0.001,-0.18,0.16,-0.40
7863985,-0.000,-0.005,-0.002,-0.33,0.11,-0.35
7864185,-0.000,-0.002,-0.000,-0.33,0.06,-0.30
7864385,0.001,0.004,0.001,-0.41,0.08,-0.32
7864585,0.001,0.000,-0.001,-0.23,0.16,-0.38
7864785,-0.001,-0.002,0.001,-0.37,0.17,-0.31
7864985,0.002,0.004,-0.001,-0.33,0.09,-0.31
7865185,-0.001,0.004,-0.001,-0.19,0.14,-0.40
7865385,-0.001,-0.005,0.000,-0.33,0.21,-0.31
7865585,-0.001,-0.003,0.000,-0.36,0.12,-0.29
7865785,-0.000,0.000,-0.001,-0.29,0.12,-0.32
7865985,-0.002,-0.004,0.001,-0.20,0.09,-0.38
7866185,0.000,0.000,-0.001,-0.28,0.08,-0.35
7866385,0.001,0.002,0.001,-0.19,0.15,-0.37
7866585,-0.000,-0.007,-0.001,-0.20,0.12,-0.34
7866785,-0.000,-0.001,-0.000,-0.37,0.22,-0.31
7866985,-0.000,0.003,-0.000,-0.31,0.10,-0.28
7867185,0.002,0.003,-0.001,-0.30,0.17,-0.38
7867385,-0.001,0.001,-0.000,-0.32,0.12,-0.34
7867585,0.001,0.001,0.002,-0.34,0.11,-0.35
7867785,-0.000,0.000,-0.000,-0.32,0.16,-0.37
7867985,-0.001,0.001,0.002,-0.33,0.15,-0.34
7868185,0.001,0.001,-0.000,-0.33,0.19,-0.26
7868385,0.001,-0.001,0.000,-0.34,0.18,-0.47
7868585,0.001,-0.001,0.000,-0.28,0.15,-0.42
7868785,-0.000,0.001,-0.001,-0.33,0.22,-0.31
7868985,0.000,0.000,-0.000,-0.38,0.07,-0.37
7869185,-0.001,-0.001,0.001,-0.30,0.12,-0.32
7869385,0.000,0.002,0.000,-0.30,0.13,-0.31
7869585,0.001,-0.000,-0.001,-0.27,0.12,-0.35
7869785,-0.000,-0.001,-0.001,-0.30,0.14,-0.34
7869985,-0.001,-0.000,0.002,-0.33,0.12,-0.35
7870185,0.001,0.001,0.001,-0.31,0.18,-0.24
7870385,0.003,0.004,-0.000,-0.30,0.07,-0.40
7870585,-0.003,-0.005,0.001,-0.26,0.08,-0.39
7870785,0.001,0.004,0.003,-0.33,0.19,-0.32
7870985,-0.001,0.000,-0.002,-0.28,0.12,-0.35
7871185,0.000,-0.002,-0.001,-0.27,0.13,-0.36
7871385,-0.001,0.001,-0.001,-0.46,0.09,-0.24
7871585,-0.001,0.002,-0.002,-0.38,0.06,-0.31
7871785,-0.000,0.002,-0.001,-0.36,0.16,-0.24
7871985,0.001,0.002,0.000,-0.27,0.12,-0.37
7872185,-0.001,-0.004,0.002,-0.25,0.13,-0.34
7872385,-0.004,-0.003,0.000,-0.30,0.19,-0.35
7872585,0.001,0.001,-0.000,-0.34,0.10,-0.32
7872785,0.000,0.001,-0.000,-0.37,0.16,-0.32
7872985,0.002,0.000,-0.002,-0.28,0.16,-0.30
7873185,-0.000,-0.001,-0.000,-0.32,0.16,-0.30
7873385,-0.000,-0.002,-0.000,-0.28,0.11,-0.44
7873585,-0.002,-0.003,-0.000,-0.40,0.16,-0.34
7873785,0.002,0.003,-0.000,-0.40,0.14,-0.39
7873985,0.001,0.001,-0.001,-0.27,0.16,-0.40
7874185,0.001,-0.001,0.001,-0.33,0.13,-0.35
7874385,0.001,0.001,0.000,-0.33,0.11,-0.37
7874585,0.001,0.001,-0.000,-0.24,0.13,-0.35
7874785,-0.001,0.001,-0.001,-0.29,0.13,-0.34
7874985,-0.002,-0.001,0.001,-0.35,0.12,-0.38
7875185,-0.002,-0.007,0.002,-0.30,0.14,-0.38
7875385,0.002,-0.001,0.000,-0.39,0.15,-0.28
7875585,0.002,0.005,-0.001,-0.36,0.17,-0.28
7875785,0.000,0.006,0.000,-0.32,0.16,-0.30
7875985,0.004,0.001,-0.000,-0.20,0.18,-0.44
7876185,0.001,0.005,-0.001,-0.17,0.16,-0.39
7876385,-0.001,0.004,0.002,-0.26,0.11,-0.39
7876585,0.004,0.000,-0.002,-0.29,0.14,-0.37
7876785,-0.003,-0.001,0.000,-0.36,0.11,-0.36
7876985,-0.002,-0.002,0.001,-0.27,0.20,-0.37
7877185,0.002,-0.005,-0.001,-0.21,0.11,-0.38
7877385,-0.002,-0.003,0.001,-0.27,0.16,-0.37
7877585,-0.001,0.002,-0.002,-0.32,0.14,-0.34
7877785,0.000,0.002,0.002,-0.31,0.13,-0.33
7877985,-0.000,-0.001,-0.001,-0.32,0.16,-0.38
7878185,0.001,-0.001,0.000,-0.33,0.20,-0.42
7878385,-0.000,-0.002,0.001,-0.39,0.16,-0.34
7878585,-0.000,-0.001,-0.001,-0.33,0.18,-0.31
7878785,0.000,-0.001,-0.001,-0.32,0.18,-0.40
7878985,-0.001,-0.005,0.002,-0.30,0.17,-0.40
7879185,-0.002,0.001,0.001,-0.36,0.11,-0.29
7879385,-0.002,-0.002,-0.002,-0.40,0.10,-0.38
7879585,0.001,-0.000,0.003,-0.31,0.14,-0.35
7879785,0.001,0.002,0.001,-0.31,0.07,-0.34
7879985,0.000,0.001,-0.003,-0.30,0.12,-0.37
7880185,0.000,0.000,0.000,-0.28,0.12,-0.30
7880385,0.002,-0.001,0.000,-0.31,0.17,-0.32
7880585,-0.000,-0.000,-0.000,-0.31,0.15,-0.31
7880785,0.000,0.001,-0.000,-0.27,0.13,-0.35
7880985,-0.002,0.001,0.002,-0.34,0.17,-0.34
7881185,0.000,0.001,-0.002,-0.33,0.09,-0.33
7881385,-0.001,-0.001,-0.001,-0.31,0.16,-0.37
7881585,-0.001,0.000,0.002,-0.37,0.16,-0.33
7881785,0.000,0.000,0.000,-0.28,0.20,-0.32
7881985,0.001,0.001,0.001,-0.27,0.18,-0.32
7882185,-0.001,-0.001,0.002,-0.28,0.19,-0.29
7882385,-0.001,-0.001,-0.000,-0.27,0.21,-0.34
7882585,-0.001,0.000,-0.000,-0.35,0.09,-0.31
7882785,0.000,0.002,-0.001,-0.30,0.21,-0.33
7882985,0.001,0.000,-0.000,-0.33,0.16,-0.36
7883185,-0.000,0.001,-0.001,-0.32,0.13,-0.36
7883385,0.000,-0.001,-0.001,-0.40,0.13,-0.37
7883585,-0.000,-0.002,0.001,-0.29,0.16,-0.40
7883785,0.001,0.000,-0.002,-0.35,0.12,-0.35
7883985,-0.001,0.000,-0.001,-0.37,0.08,-0.29
7884185,0.001,-0.000,-0.001,-0.27,0.16,-0.33
7884385,0.001,0.001,0.003,-0.29,0.11,-0.34
7884585,-0.001,0.001,-0.002,-0.31,0.14,-0.42
7884785,0.000,0.003,0.001,-0.30,0.17,-0.34
7884985,-0.000,-0.001,-0.000,-0.33,0.06,-0.35
7885185,-0.001,-0.001,-0.001,-0.30,0.13,-0.33
7885385,0.001,0.000,-0.000,-0.35,0.12,-0.33
7885585,0.000,-0.003,0.001,-0.31,0.17,-0.31
7885785,0.000,0.003,-0.001,-0.27,0.20,-0.34
7885985,-0.000,0.001,-0.001,-0.32,0.18,-0.41
7886185,-0.001,-0.005,-0.001,-0.54,0.12,-0.25
7886385,0.002,0.013,0.002,-0.37,0.13,-0.34
7886585,-0.001,-0.001,-0.003,-0.17,0.15,-0.42
7886785,0.007,-0.000,0.003,-0.22,0.08,-0.24
7886985,-0.000,-0.011,0.000,-0.49,0.08,-0.39
7887185,0.000,0.002,0.001,-0.28,0.08,-0.43
7887385,-0.009,-0.002,0.003,-0.50,0.14,-0.30
7887585,0.003,0.004,0.002,-0.33,0.08,-0.34
7887985,-0.001,0.001,0.000,-0.31,0.12,-0.34
7888185,0.001,-0.000,-0.001,-0.34,0.12,-0.33
7888385,-0.001,-0.001,0.000,-0.24,0.02,-0.28
7888585,-0.002,-0.001,0.000,-0.32,0.15,-0.33
7888785,0.000,-0.001,-0.002,-0.37,0.11,-0.24
7888985,0.001,0.001,-0.001,-0.33,0.12,-0.37
7889185,0.000,0.000,-0.001,-0.36,0.20,-0.37
7889385,0.004,-0.005,-0.008,-0.30,-0.06,-0.30
7889585,0.000,0.001,0.002,-0.37,0.17,-0.35
7889785,-0.002,0.000,0.002,-0.31,0.12,-0.44
7889985,0.001,-0.002,0.001,-0.33,0.15,-0.34
7890185,-0.001,0.000,0.000,-0.30,0.08,-0.36
7890385,-0.001,0.001,0.001,-0.34,0.16,-0.30
7890585,0.006,0.000,-0.001,-0.40,0.09,-0.34
7890785,0.000,0.001,0.002,-0.20,0.09,-0.35
7890985,-0.001,-0.001,0.001,-0.31,0.12,-0.37
7891185,-0.004,0.002,0.006,-0.33,0.35,-0.34
