Time (s),X (m/s^2),Y (m/s^2),Z (m/s^2)
0.0,-0.37751495361328125,-0.5019433593749998,-6.4138623046875
0.01989400000002206,-9.47364944458008,-2.027271423339844,-7.015910339355469
0.03978800000004412,-16.862584075927735,-6.964753875732422,-7.466323699951173
0.059680999999727646,-12.909005584716798,-12.109704895019531,-11.891421661376954
0.07957499999974971,1.1105406188964844,-10.934199371337892,-9.062454528808594
0.09946899999977177,-0.9237290954589844,-3.207267608642578,-8.161927185058595
0.11936199999945529,-3.3474888610839844,3.750413818359375,-6.924600219726563
0.13925599999947735,-5.672903137207031,4.527298278808594,-11.514056396484376
0.15914999999949941,-16.496146087646487,4.238698425292969,-21.062400512695312
0.17904300000009243,-18.98517013549805,9.03592254638672,-21.249361724853518
0.1989370000001145,-11.678713989257814,12.885617065429688,-18.755996704101562
0.21883099999922706,-4.770429840087891,11.039206695556642,-13.9102734375
0.23872399999982008,-1.3034893798828127,8.422947235107422,-10.562036132812501
0.25861799999984214,1.0288105773925782,8.522639923095703,-8.942553863525392
0.2785119999998642,1.9737954711914063,7.695310363769532,-6.371949462890625
0.2984049999995477,-17.768051147460938,24.60100479125977,-50.19437026977539
0.3182989999995698,-5.16890121459961,1.9441200256347662,15.673307189941408
0.33819299999959185,23.213726806640626,4.184211730957031,15.068115692138672
0.3580869999996139,-4.805157623291016,20.683201904296876,-32.232921295166015
0.37797999999929743,-33.10560653686524,-0.516163787841796,0.5637277221679687
0.3978739999993195,-19.514170074462893,13.301901397705079,-7.932454376220703
0.41776799999934155,3.1919622802734375,17.794059906005863,14.207255859375001
0.4376609999999346,-0.30027557373046876,12.03598388671875,7.831115112304688
0.45755499999995664,-16.20515121459961,23.326255645751957,4.084705810546875
0.4774489999999787,-28.28607879638672,39.22544311523438,12.33764373779297
0.4973419999996622,-37.16366775512696,-148.13439010620118,-84.41904968261719
0.5172359999996843,16.333434448242187,10.547778625488283,-16.291222229003907
0.5371299999997063,6.927893371582032,55.60962203979492,2.279609527587891
0.5570229999993899,1.9993922424316408,-1.9356619262695318,1.955383758544922
0.5769169999994119,-33.72906005859375,-26.18313903808594,-4.383634185791016
0.596810999999434,-11.885583801269531,4.3976678466796875,0.28186386108398437
0.616704999999456,6.907984771728516,12.10244567871094,7.807464294433594
0.6365977916666452,-8.055199127197266,0.15084915161132884,2.9964688110351565
0.6564917916666673,-16.712296600341798,-4.088185729980468,-1.1958631896972658
0.6763857916666893,-10.77803695678711,1.3039013671874997,0.10867401123046876
0.6962787916663729,-6.62267807006836,-2.830501098632812,-1.466949462890625
0.7161727916663949,-9.432185668945314,-8.330813140869141,-1.1687695312500002
0.736066791666417,1.2879217529296876,-9.964366149902345,-2.3643333435058596
0.7559597916661005,11.592792663574219,-17.22741256713867,0.6207591247558594
0.7758537916661226,17.39487716674805,-7.434477081298828,2.6831703186035156
0.7957477916661446,13.35118606567383,-5.212946777343751,3.7354820251464846
0.8156407916667376,-2.874173126220703,-13.773495025634768,-1.8389259338378907
0.8355347916667597,5.12579086303711,-15.284752349853518,-1.9017951965332032
0.8554287916667818,3.456611938476563,-10.86564193725586,1.2750485229492188
0.8753217916664653,1.4591656494140626,-11.538792114257815,-2.4833358764648437
0.8952157916664873,-8.17614761352539,-11.41125732421875,3.207080841064453
0.9151097916665094,-14.359189910888672,-4.6366452026367195,-2.5441094970703126
0.9350027916661929,2.0240908813476564,6.086156616210938,-6.56953857421875
0.954896791666215,-0.07035369873046875,14.774539031982423,-4.177662506103516
0.974790791666237,-8.507708129882813,17.405168609619142,-5.25227783203125
0.9946837916659206,-4.934788055419922,21.866341552734376,-1.3247451782226562
1.0145777916659426,-0.6779402160644532,22.7870768737793,-3.5711238098144533
1.0344717916659647,3.004701690673828,19.941344604492187,2.3572979736328126
1.0543647916665577,7.939190368652344,21.034671020507815,2.988684997558594
1.0742587916665798,8.687484283447265,16.724384307861328,1.4323713684082031
1.0941527916666018,0.11466156005859375,10.610647888183594,0.62031005859375
1.1140457916662854,-14.876663818359376,10.547479248046876,-2.002236328125
1.1339397916663074,-22.76795379638672,14.938597869873048,-7.0328251647949225
1.1538337916663295,-12.745994567871094,17.257575531005863,-3.436403961181641
1.173726791666013,-61.98086013793946,-22.93803726196289,29.49032455444336
1.193620791666035,51.94078857421875,-8.102537841796876,-6.500532073974609
1.213513791666628,-22.578896942138673,1.1096054077148434,21.356089782714847
1.2334077916666502,-14.435531158447267,4.70722412109375,-4.696932678222656
1.2533017916666722,4.359234924316406,12.725001068115235,4.281097412109375
1.2731947916663557,-7.880512390136719,-4.772861938476563,-0.6167175292968751
1.2930887916663778,-17.060322875976563,-8.543371124267578,1.7383351135253906
1.3129827916663999,-10.488389282226564,6.313234405517578,2.326761474609375
1.3328757916660834,-7.854466552734375,0.9995841979980469,4.079017639160156
1.3527697916661054,-16.930842132568362,-4.388161926269531,2.5162673950195313
1.3726627916666985,-7.0593200683593755,-1.752442932128906,0.7614665222167969
1.3925567916667205,0.3848497009277344,-12.314628753662111,-5.162165222167969
1.4124507916667426,7.9323046875,-16.323891448974607,-2.3546035766601565
1.4323437916664261,12.828023986816406,-1.0507022094726555,-2.692900085449219
1.4522377916664482,7.835905151367188,-2.8114906311035153,-0.3718267822265625
1.4721307916661317,-1.760039978027344,-5.753622436523438,-1.0002200317382812
1.4920247916661538,0.5646258544921875,-8.86864471435547,-2.659369812011719
1.5119187916661758,10.746752014160156,-12.60008514404297,2.1715342712402346
1.5318117916667688,2.941832427978516,-14.958580627441409,6.958729248046875
1.5517057916658814,-2.026934967041016,-12.688551177978516,4.206851806640625
1.5715987916664744,-2.8294161987304687,-8.54875991821289,2.2962249755859374
1.5914927916664965,-5.832770690917969,-2.2552473449707033,-3.1621742248535156
1.6113867916665185,-11.438762969970703,4.403805084228516,-5.839955749511719
1.6312798749995636,-10.326575775146486,10.25693344116211,-4.481829986572266
1.6511738749995857,-11.44624740600586,14.588326263427735,-5.6574851989746096
1.6710668749992692,-8.795110473632812,16.681124267578127,-3.1069390869140627
1.6909608749992913,-1.5533198547363283,18.602678375244142,-0.4355941772460938
1.7108538749998843,3.429368591308594,20.051814880371097,0.44023452758789067
1.7307478749999063,5.665119323730469,19.48584182739258,2.2836511230468752
1.7506418749999284,7.05617660522461,17.28017852783203,4.0882983398437505
1.770534874999612,7.875422973632813,13.71579071044922,3.8682559204101565
1.790428874999634,-0.4328997802734375,10.055302734375001,0.5028044128417969
1.8103218749993175,-11.277248840332032,8.020883331298828,-2.1643492126464845
1.8302158749993396,-19.21419387817383,9.737064514160156,-5.207670593261719
1.8501088749999326,-11.881392517089845,12.544027404785158,-5.061275024414063
1.8700028749999547,-10.874885559082031,15.747964782714845,15.226785736083984
1.8898968749999767,-51.916389312744144,-43.57262741088868,-35.76617385864258
1.9097898749996602,49.84095520019532,-1.8483934020996085,11.008258209228517
1.9296838749996823,-18.090181274414064,-2.809095611572266,6.756948852539063
1.9495768749993658,-0.4938230895996094,14.380558319091797,0.32677047729492187
1.9694708749993879,-4.896467742919922,5.237271881103516,5.750591583251953
1.989363874999981,-10.972183227539062,-9.24047149658203,0.9636959838867188
2.009257875000003,-9.93109817504883,1.5146630859374994,0.25357269287109374
2.0291508749996865,-2.0038829040527344,7.482602691650391,4.329147491455078
2.0490448749997086,-5.95641357421875,-1.7898651123046871,3.7974531555175783
2.068937874999392,-16.09842315673828,-0.18804611206054744,0.10029144287109376
2.088831874999414,-10.626851348876954,1.4125753784179693,3.4019755554199222
2.108724875000007,-8.57506805419922,-2.408079528808594,3.466940460205078
2.128618875000029,-11.204799499511719,-3.2033757019042977,2.070494384765625
2.1485128750000513,-3.397335205078125,-7.293769683837892,-1.000968475341797
2.168405874999735,8.659193115234375,-16.757689361572268,-2.185754699707031
2.188299874999757,10.213710479736328,-4.7219677734375,-1.131347351074219
2.2081928749994404,7.945776672363282,-1.0471096801757813,0.4528083801269531
2.2280868749994625,8.786428527832031,-1.4502214050292963,1.6515156555175783
2.2479798750000555,1.6462765502929688,-6.148800659179688,-2.2338047790527344
2.2678738750000775,4.939129028320313,-8.498015441894532,-2.5029450988769533
2.287766874999761,6.18678451538086,-16.878787536621097,0.47660888671875
2.307660874999783,-3.9607635498046876,-15.20451919555664,6.237828369140625
2.3275538749994666,-2.647843780517578,-11.218907318115233,0.7879614257812501
2.3474478749994887,-3.6239639282226563,-6.4610513305664075,-1.5995736694335938
2.3673408750000817,-11.1081005859375,-0.2706742858886724,-6.78314437866211
2.387234875000104,-13.662837982177734,6.130913543701173,-9.182205505371094
2.4071278749997873,-10.853480072021485,10.74357147216797,-9.469158782958985
2.4270218749998094,-9.592651977539063,12.861666870117189,-7.344327392578125
2.446914874999493,-4.378993835449219,14.544317779541016,-4.565655670166016
2.466808874999515,2.784210205078125,16.490570526123047,-1.8377284240722658
2.486701875000108,5.195545806884766,16.60657928466797,-0.45146118164062504
2.5065958749992205,5.808371429443359,14.779778137207032,1.5376025390625
2.5264888749998136,5.313650207519531,12.64521697998047,1.306333465576172
2.5463828749998356,5.828729095458985,10.155145111083986,1.854942626953125
2.566275874999519,0.5568420410156251,9.323175201416015,-0.9975256347656251
2.586169874999541,-9.61166244506836,10.604810028076173,-4.504133605957032
2.6060628749992247,-18.320103149414063,12.247793426513672,-4.9159272766113284
2.625956750000114,-16.893120574951173,12.712576904296876,-2.8021728515625
2.6458497499997975,-10.87054458618164,14.634131011962891,1.2418176269531251
2.6657437499998196,-7.681426391601563,16.580234069824222,3.3280293273925783
2.685636749999503,-5.566773834228516,19.32597427368164,-3.128793640136719
2.705530749999525,-67.7889321899414,-121.67466339111328,-44.702590484619144
2.7254237499992087,57.365507812500006,18.66090728759766,18.131046295166016
2.7453177499992307,-24.198977966308593,29.22429061889649,-7.545059967041016
2.7652107499998237,-1.5941848754882812,-7.263532562255859,10.796598358154297
2.7851037499995073,2.801125030517578,-6.7623747253417985,10.532248077392579
2.8049977499995293,-12.645852813720703,6.231504364013672,-7.458689575195313
2.824890749999213,-19.529737701416018,3.1929730224609374,-2.0986358642578127
2.844784749999235,-3.0552964782714844,-1.6493074035644533,4.308789825439454
2.864677749999828,-0.04176315307617188,3.232790222167969,4.652175750732422
2.88457174999985,-14.137500915527344,2.722052307128907,1.9152671813964846
2.9044647499995335,-11.373648376464844,-0.012910308837890128,4.030368804931641
2.9243587499995556,-8.691376190185547,-0.1926864624023441,2.8692333984375002
2.944251749999239,-10.98924774169922,-2.8731623840332023,3.0732591247558596
2.964145749999261,-3.9176531982421876,-10.007326812744141,2.3930735778808594
2.984038749999854,4.314927062988281,-17.41781661987305,2.5310865783691407
3.0039327499998763,9.438472595214844,-6.96610107421875,3.1723530578613284
3.0238257499995598,8.658294982910157,-3.807519378662109,1.9624191284179688
3.043719749999582,7.241191864013672,-2.5389074707031245,2.100132751464844
3.0636127499992654,8.681796112060548,-1.1676091003417977,1.5530204772949219
3.0835057499998584,5.652994537353516,-0.4639224243164062,-0.02305206298828125
3.1033997499998804,-0.3980223083496094,-0.3194728088378902,-3.3162039184570316
3.123292749999564,0.3519181823730469,-0.2363955688476569,-7.387138366699219
3.143186749999586,-1.0379415893554689,0.526268463134766,-5.9462347412109375
3.1630797499992696,-3.3159045410156254,-0.19448272705078118,-5.888005828857422
3.1829737499992916,-2.625989227294922,-2.402690734863281,-2.8455825805664063
3.2028667499998846,-10.747650146484375,-4.7950158691406255,-1.3726455688476564
3.2227607499999067,-20.06457550048828,-8.012425231933593,-3.7315901184082034
3.24265374999959,-2.3938220214843753,-6.344743194580078,-6.812333679199219
3.2625477499996123,-10.748099212646485,-0.48727386474609347,-10.440638580322267
3.282440749999296,-18.08045150756836,8.301699371337891,-11.876153411865236
3.302333749999889,-14.436878356933594,15.596928863525392,-14.279854888916017
3.322227749999911,-11.934681701660157,12.691620483398438,-17.84079986572266
3.3421207499995944,-5.3844529724121095,8.430581359863282,-12.04649917602539
3.3620147499996165,-0.30865814208984377,9.977015533447267,-9.648036804199219
3.3819077499993,2.264341278076172,11.310592346191408,-8.721763000488282
3.401801749999322,1.9776873779296875,9.595608673095704,-5.940396881103516
3.421694749999915,2.020049285888672,8.947007446289064,-6.0571540832519535
3.4415877499995986,-3.0024563598632814,8.649725646972657,-8.106392669677735
3.4614817499996207,-14.64270034790039,7.686478729248048,-8.594826965332032
3.481374749999304,-27.264153900146486,11.279756469726564,-8.944948883056641
3.5012687499993262,-18.27534622192383,18.16528793334961,0.18696121215820313
3.5211617499999193,-10.17060012817383,21.306954803466798,6.665189666748047
3.5410557499999413,-12.988789672851563,20.080704803466798,2.455793151855469
3.560948749999625,-56.378759765625006,-126.22205703735352,-2.1020787048339846
3.5808417499993084,74.77056381225586,31.795643463134766,-22.53623565673828
3.6007357499993304,-41.71495330810547,21.819189605712893,4.507127380371094
3.6206287499999235,-12.284055175781251,-2.666442260742187,15.55939407348633
3.6405227499999455,5.327421569824219,0.07016693115234318,0.9738748168945313
3.660415749999629,-13.438304901123047,-2.2393803405761723,3.314108276367188
3.680309749999651,-12.516222381591797,0.48151153564453075,0.48020141601562505
3.7002027499993346,-13.322296142578125,1.380092926025391,2.659519500732422
3.7200957499999276,-14.21923095703125,-1.987154846191407,5.0322354125976565
3.7399897499999497,-9.193132781982422,-3.163558502197265,4.15056884765625
3.7598827499996332,-1.9297869873046876,-14.669382019042969,-1.36037109375
3.7797767499996553,9.323212280273438,-18.338551940917966,-3.5507661437988283
3.799669749999339,18.2021484375,-7.386427001953125,-1.2350816345214843
3.819562749999932,15.025903472900392,-2.9510005187988284,0.13187576293945313
3.839456749999954,3.788771209716797,-8.357308044433593,0.24010070800781252
3.8593497499996374,1.7833914184570314,-13.494475250244141,-2.242935791015625
3.8792437499996595,5.511838073730469,-14.810089416503908,2.305056610107422
3.899136749999343,-1.0449769592285156,-11.667374725341796,0.4363426208496094
3.919029749999936,-6.218069458007813,-12.12871536254883,2.4569906616210937
3.938923749999958,-10.500963134765625,-8.766257629394532,-0.7125183105468751
3.9588167499996416,-1.3871653747558594,3.8504058837890627,-5.5694682312011725
3.9787107499996637,-2.301314392089844,14.149139556884766,-8.269253997802736
3.998603749999347,-10.840606842041016,17.03334182739258,-7.181915130615235
4.01849674999994,-6.514752502441406,18.997557220458987,-4.268224182128907
4.038390749999962,1.1523037719726563,21.61651107788086,-2.7846592712402347
4.058283749999646,6.5397505187988285,20.419749755859378,1.625170440673828
4.078177749999668,14.050681457519532,20.861930236816406,2.2553599548339847
4.098070749999351,6.348448333740235,15.201451263427735,0.9270222473144532
4.117963749999944,-4.195176086425781,10.621126098632812,0.0640667724609375
4.1378577499999665,-21.058957672119142,13.690942382812501,-2.738405456542969
4.15775074999965,-16.143180084228515,21.63357559204102,-4.323758697509766
4.177644749999672,-2.5607249450683596,21.334647216796874,11.744726715087891
4.197537749999356,-55.424494171142584,-43.82620010375977,25.718318481445312
4.217430749999949,45.254642486572266,0.8400160217285162,-22.956112518310547
4.237324749999971,-48.99296859741211,1.0376051330566405,18.92739028930664
4.257217749999654,11.885434112548829,13.938826904296876,5.787265319824219
4.277111749999676,-6.614445190429688,1.4670620727539063,1.9273919677734377
4.29700474999936,-25.608746337890626,-9.9910107421875,0.4836442565917969
4.316897749999953,-7.672744445800782,5.583202514648438,4.730612640380859
4.336791749999975,-11.793076171875,-1.6996028137207038,3.4286201477050784
4.356684749999658,-11.502979431152344,-5.8866957092285155,-0.787811737060547
4.37657874999968,-2.5821304321289062,-13.655240936279297,-3.782633972167969
4.396471749999364,10.239307250976562,-14.658155364990234,-3.3386572265625003
4.416364749999957,15.25762161254883,-6.685135345458983,-1.3331277465820313
4.436258749999979,9.898765411376953,-3.9634950256347654,-0.40011795043945314
4.456151749999663,3.6446209716796876,-1.5036602783203126,-3.2912059020996094
4.476045749999685,-3.031795349121094,-8.342488861083984,-3.1057415771484376
4.495938749999368,-2.3954685974121097,-14.007308807373049,1.4852114868164064
4.515831749999961,2.6797274780273437,-11.853288116455078,4.6511279296875
4.535725749999983,0.12005035400390626,-8.008533325195314,3.1835797119140627
4.555618749999667,-8.800050201416017,-8.537084197998047,3.220852203369141
4.57551174999935,-10.47626449584961,-3.4567987060546876,-0.5758525085449219
4.595405749999372,-3.483256530761719,5.40701889038086,-5.205425262451172
4.615298749999965,-3.320395202636719,11.460131378173829,-5.3000285339355475
4.635192749999987,-5.970035247802735,14.88935028076172,-5.067861328125001
4.655085749999671,-4.944218444824219,17.28691452026367,-4.433779907226563
4.6749787499993545,-1.819915466308594,17.481659545898438,-1.6772621154785157
4.6948727499993765,1.9031423950195314,17.092169494628905,0.8295748901367188
4.71476574999997,4.096231842041016,18.56286117553711,2.0680993652343753
4.734658749999653,8.493338012695313,17.34289810180664,3.552861785888672
4.754552749999675,7.188651123046875,14.056182861328125,5.519472198486328
4.774445749999359,0.2650987243652344,12.911962280273439,1.4510824584960937
4.794339749999381,-8.812624053955078,14.144648895263673,-6.024971008300781
4.814232749999974,-16.336128845214844,18.586062927246097,-8.148155822753907
4.834125749999657,-34.46552856445312,26.1975846862793,18.201399993896484
4.854019749999679,-53.06779495239258,-33.45950775146485,-8.60051513671875
4.873912749999363,42.34199935913086,-30.1328256225586,11.949949951171876
4.893805749999956,1.0569520568847657,-3.6921093749999994,-0.24084915161132814
4.913699749999978,-3.633094940185547,21.220434722900393,2.1028271484375
4.9335927499996615,-23.667882385253908,11.556830291748048,-2.072739715576172
4.953485749999345,-6.471941528320313,-5.923668823242188,5.892795867919922
4.973379749999367,-6.666686553955079,-1.749000091552734,5.412295074462891
4.99327274999996,-15.448624420166016,3.8697157287597657,0.7930508422851563
5.013166749999982,-13.064981231689453,-0.44266662597656214,2.0218455505371096
5.033059749999666,-10.143207092285158,-3.4085989379882804,2.4501049804687502
5.052952749999349,-7.073241119384766,-5.29916748046875,-2.443967742919922
5.072846749999371,-2.013163604736328,-12.866830444335937,-5.0305888366699225
5.092739749999964,8.937763824462891,-10.20850845336914,-2.8867469787597657
5.112632749999648,8.04531967163086,-1.280624084472656,-0.8056246948242188
5.13252674999967,2.5509951782226565,-1.24874038696289,-0.28021728515625
5.152419749999353,1.7079483032226563,-1.1372222900390625,-1.0404862976074218
5.172312749999946,4.892575836181641,-3.647352447509766,-0.9225315856933595
5.1922067499999685,0.8478369140625001,-8.19579391479492,0.13666580200195313
5.212099749999652,0.8830137634277344,-10.428700561523437,-0.5141807556152344
5.2319927499993355,-0.86939208984375,-11.199896850585938,4.500541076660157
5.251886749999358,-7.050039367675781,-9.805247039794923,2.0998333740234374
5.271779749999951,-5.307512969970704,-8.566572875976563,0.19908599853515627
5.291673749999973,-9.585915985107423,-4.134140167236328,-3.460653533935547
5.311566749999656,-11.715088348388672,2.7446553039550787,-7.174131317138672
5.33145974999934,-9.887389068603516,8.507371673583986,-8.349337463378907
5.351353749999362,-8.163873138427736,13.067488861083985,-8.724008331298828
5.371246749999955,-8.0424755859375,13.87625701904297,-5.384303283691406
5.391139749999638,-2.3405328369140626,13.404737548828127,-2.15312255859375
5.41103374999966,4.146976318359375,13.778210906982423,0.104183349609375
5.430926749999344,4.652175750732422,13.46386459350586,1.5614030456542969
5.450819749999937,1.9919078063964846,12.477565612792969,2.1670436096191406
5.470713749999959,1.0937754821777343,10.842066650390626,1.6000227355957033
5.4906067499996425,1.9046392822265625,8.503030700683594,1.659598846435547
5.510499749999326,-1.063388671875,7.610586547851563,0.5165757751464845
5.530393749999348,-4.77372299194336,8.59478988647461,-1.0111473083496094
5.550286749999941,-6.873855743408203,8.636702728271485,-3.1114297485351563
5.570179749999625,-8.833430786132812,7.1908593750000005,-3.9185513305664066
5.590073749999647,-8.363408203125001,8.267420654296876,-3.6708164978027344
5.60996674999933,-8.390052795410156,11.041152648925781,-2.9521609497070314
5.629859499999839,-7.972121887207032,11.565362548828126,-2.9993128967285156
5.649753499999861,-8.87639144897461,1.0654472351074222,-9.399104461669923
5.669646499999544,-23.69183258056641,-82.05490310668947,-4.359683990478516
5.689540499999566,32.49816970825196,33.902661895751955,-6.022276611328126
5.70943349999925,-24.972868652343752,13.546642456054688,-9.209897918701172
5.729326499999843,-14.324312438964844,-12.780460052490236,11.497740325927735
5.749220499999865,-5.160368957519531,1.5929502868652339,-0.7803273010253907
5.769113499999548,-15.477364654541017,4.5316392517089845,-0.8372090148925782
5.789006499999232,-7.381749572753907,4.188852081298829,6.134393463134766
5.808900499999254,-5.124293975830079,2.1807778930664066,7.150480499267578
5.828793499999847,-8.765921173095704,1.294021911621094,5.7577766418457035
5.8486864999995305,-8.858279113769532,2.244694976806641,5.573809204101563
5.868580499999553,-5.751789093017578,-0.6604637145996097,5.004542999267579
5.888473499999236,-6.273454284667969,-3.8444924926757817,4.807552642822266
5.908366499999829,-2.7186465454101563,-6.732886047363282,2.3077510070800784
5.928260499999851,-2.4026536560058593,-9.644780731201172,0.5310955810546876
5.948153499999535,4.782255249023438,-6.386955413818361,1.6113990783691408
5.968046499999218,7.411837005615235,-7.649430084228515,1.797312469482422
5.98794049999924,8.12675033569336,-6.600411529541015,1.422491912841797
6.007833499999833,6.428232421875,-5.226269073486328,-0.35161880493164066
6.027726499999517,5.575156402587891,-5.476997680664063,-1.627266082763672
6.047620499999539,2.482587432861328,-5.3797000122070315,-4.244723052978516
6.067513499999222,-6.2385768127441406,-4.1116868591308595,-7.100035400390626
6.087406499999815,-4.4881169128417975,-10.208658142089844,-4.831802215576172
6.1073004999998375,-5.692362670898437,-7.255599060058595,-0.27333160400390627
6.127193499999521,-14.382691040039063,-2.5550738525390617,-4.659809875488281
6.147086500000114,-5.510640563964844,0.9630601501464842,-10.006990356445312
6.166980499999227,-9.862540740966798,3.593689727783204,-14.297218780517579
6.18687349999982,-20.218605194091797,9.667010192871095,-12.382849731445313
6.206766499999503,-14.54061264038086,17.941952362060547,-13.29804656982422
6.226660499999525,-5.025050354003906,16.081471252441407,-8.802744598388673
6.246553499999209,-1.2377760314941406,12.456309814453126,-5.295986938476563
6.266446499999802,2.7069708251953126,13.305643615722657,-3.843706970214844
6.286340499999824,6.812183990478516,11.998412017822266,-1.5609539794921876
6.306233499999507,4.930447082519532,9.764607238769532,-5.920188903808594
6.3261265000001,-3.150348815917969,8.308884429931641,-7.641010437011719
6.346020499999213,-21.43392791748047,8.949252777099609,-10.18167709350586
6.365913499999806,-29.061466369628906,12.066520385742187,-8.884923706054687
6.3858064999994895,-14.770235137939453,18.136996765136722,3.8899607849121094
6.4057004999995115,-8.024812316894531,18.447750549316407,6.283184051513672
6.4255935000001045,-23.641237792968752,4.919033660888672,23.32554428100586
6.445486499999788,-19.73825408935547,-66.30600311279298,-9.453740844726562
6.46538049999981,20.05619293212891,22.092371520996096,2.0371138000488282
6.485273499999494,-4.527485046386719,-1.7028959655761717,2.113305358886719
6.505166500000087,-2.8125013732910156,11.753970336914064,5.9462347412109375
6.52505949999977,-11.780352630615235,6.378798065185547,-0.6331832885742188
6.544953499999792,-10.787317657470703,-9.266966400146485,-2.896776123046875
6.564846499999476,-8.97413818359375,-2.78439697265625,4.583917694091797
6.584739500000069,-2.615361328125,7.075000305175782,1.8782940673828126
6.604633500000091,-15.590529327392579,-5.176422729492188,-0.9056167602539062
6.624526499999774,-14.152320098876954,-3.9986718749999994,0.6652166748046875
6.644419541666139,-6.145620117187501,-1.6377813720703127,0.536484375
6.664313541666161,-7.265441436767579,-8.828228759765624,1.0816506958007812
6.684206541666754,2.212548980712891,-14.557265167236329,1.3729449462890626
6.704099541666437,15.038627014160157,-7.9104872131347665,3.081192626953125
6.723993541666459,12.027638397216798,-3.665015716552734,3.0982571411132813
6.743886541666143,7.343129882812501,-2.127862243652343,1.7693206787109377
6.763779541666736,0.005239105224609375,-9.980532531738282,-1.5377522277832032
6.783672541666419,6.7705705261230476,-13.336104583740235,-3.111280059814453
6.8035665416664415,3.101250915527344,-13.282366333007813,4.79288314819336
6.823459541666125,-5.3263737487792975,-12.605174560546876,1.3744418334960937
6.843352541666718,-5.420527954101563,-11.305427398681642,2.269131317138672
6.86324654166674,-6.5309188842773445,-5.811851348876953,-1.1057505798339844
6.883139541666424,-12.34722381591797,3.486662292480469,-4.775519256591797
6.903032541666107,-13.436059570312501,11.2863427734375,-5.658533020019531
6.922926541666129,-10.334808654785157,16.645049285888675,-5.9920394897460945
6.942819541666722,-7.366930389404297,18.812242584228517,-4.645589447021485
6.962712541666406,-1.310973815917969,19.832670593261717,-2.2662872314453124
6.982605541666089,5.213059387207031,20.787085876464843,0.8268804931640625
7.002499541666111,10.46428939819336,20.529621276855472,2.5268952941894534
7.022392541666704,10.295590209960938,17.32463607788086,0.9234297180175782
7.042285541666388,2.6375152587890627,14.883063354492188,-0.525706787109375
7.06217954166641,-9.19013900756836,14.015018463134766,-3.0719119262695314
7.0820725416660935,-20.752694549560548,15.447090454101563,-7.591912536621094
7.1019655416666865,-13.804144134521485,19.975323944091798,-6.934329986572266
7.12185854166637,-5.612578582763672,24.140113220214843,0.2890489196777344
7.141752541666392,-57.41565353393555,0.4387005615234383,6.782096557617188
7.161645541666076,25.10219970703125,-71.19558517456055,0.8689430236816407
7.181538541666669,-12.901221771240236,5.814471588134766,-0.6899153137207031
7.201432541666691,1.0316546630859376,36.41877960205078,-3.1976504516601563
7.221325541666374,-5.650898895263672,1.7670382690429687,3.9390586853027347
7.241218541666058,-22.632635192871096,-19.39146240234375,1.5144007873535157
7.261111541666651,-3.843557281494141,8.282688903808594,4.2695713806152344
7.281005541666673,-8.513096923828126,2.09665283203125,2.0960911560058593
7.300898541666356,-18.707347869873047,-5.9711201477050775,2.314636688232422
7.32079154166604,-5.986950073242188,-1.7313368225097658,0.028889923095703127
7.340685541666062,-2.8795619201660156,-14.801856536865236,-5.072501678466797
7.360578541666655,7.412286071777344,-15.774683532714844,-3.7976028442382814
7.3804715416663385,15.007791137695314,-3.3847984313964847,-2.1107606506347656
7.400364541666022,9.166039123535157,-5.521604919433594,-0.8984317016601563
7.420258541666044,-1.696871337890625,-5.1575619506835935,-3.656596069335938
7.440151541666637,-3.255879364013672,-12.891678771972655,-4.518803100585938
7.460044541666321,9.402696990966797,-18.743160552978516,2.0588186645507816
7.479938541666343,0.7792794799804688,-14.293962707519531,5.015769653320313
7.499831541666026,-5.039719848632813,-11.82694290161133,3.9558238220214847
7.519724541666619,-6.306385803222657,-7.342717895507812,0.07394622802734375
7.539617541666303,-10.772199096679689,2.2235888671875,-5.959407348632813
7.559511541666325,-7.730374603271485,8.572037200927735,-4.3279499816894536
7.579404541666008,-3.552712097167969,12.814065856933595,-3.3392559814453127
7.599297541666601,-4.263434143066407,17.356669464111327,-2.498155059814453
7.619190541666285,0.11840377807617188,20.179649047851562,-0.7137158203125
7.639084666666349,5.203479309082032,20.24221893310547,1.7742604064941407
7.658977666666033,7.783214721679688,21.01296615600586,3.4352064514160157
7.678870666666626,8.405620422363281,18.466162261962893,2.4649241638183597
7.698764666666648,0.085023193359375,13.83883483886719,1.6648379516601564
7.718657666666331,-9.471404113769532,15.861129455566406,-2.1990769958496097
7.738550666666015,-13.88916732788086,22.784083099365233,-5.96120361328125
7.758443666666608,-14.616205444335938,28.471206665039062,22.611080017089844
7.77833766666663,-65.54629577636719,-26.396894531250005,-4.8912286376953125
7.7982306666663135,42.06971557617188,-7.566352844238283,-17.309554595947265
7.818123666665997,-41.121587219238286,-29.98164001464844,17.05912536621094
7.83801666666659,20.606598358154297,24.75533386230469,-6.417754211425781
7.857910666666612,-20.59088104248047,4.841195526123047,2.7226881408691406
7.877803666666296,-19.008072509765626,-14.810538482666017,3.9016365051269535
7.897696666665979,-2.0303778076171874,4.380603332519532,0.8390052795410157
7.917590666666001,-8.591982879638673,-5.857506408691407,1.2939093017578125
7.937483666666594,0.8223898315429687,-12.112548980712893,-0.0496966552734375
7.957376666666278,11.251652069091797,-9.55317123413086,-0.058977355957031255
7.977269666665961,6.527026977539063,-1.1755426025390623,-1.0053094482421876
7.997163666665983,2.05253173828125,1.2732151794433602,-1.1448193359375
8.017056666666576,-0.8547225952148438,2.3921383666992186,-1.6384927368164064
8.03694966666626,5.207520904541016,-0.6480395507812506,-2.440375213623047
8.056842666665943,6.626569976806641,-3.998222808837891,-0.13382171630859377
8.076736666665965,7.019203491210938,-5.423409118652344,1.029708709716797
8.096629666666558,5.65988021850586,-9.974994049072267,-1.9489471435546877
8.116522666666242,1.708846435546875,-12.026477966308596,2.35669921875
8.136415666665926,-7.627538452148438,-12.15176742553711,-0.19983444213867188
8.156309666665948,-3.3233889770507816,-10.364783477783204,0.4758604431152344
8.17620266666654,-5.63548095703125,-4.790974273681641,-2.5072860717773438
8.196095666666224,-14.090049591064453,0.4960313415527349,-6.316265258789063
8.215988666665908,-13.953533477783203,5.089229736328125,-8.09366912841797
8.23588266666593,-12.186158752441408,8.625326385498047,-8.815318450927736
8.255775666666523,-11.467353515625,10.594780883789063,-7.4748559570312505
8.275668666666206,-5.347180480957031,12.310063934326173,-4.08874740600586
8.29556166666589,1.633253631591797,13.676123199462891,-2.2002745056152344
8.315455666665912,5.503156127929688,13.664746856689455,-0.9327104187011719
8.335348666666505,5.091212768554688,11.781513061523437,-1.2864248657226562
8.355241666666188,3.3452435302734376,9.351765747070313,-2.0781285095214845
8.375134666666781,-1.3096266174316407,6.980397033691407,-4.4403662109375
8.395028666665894,-5.3774176025390625,6.0029296875,-6.541097717285156
8.414921666666487,-6.789131927490235,6.7031735229492195,-4.3828857421875
8.43481466666617,-4.712799682617188,7.816857604980469,-0.65863037109375
8.454707666666764,-4.946314086914063,9.41149154663086,-0.286204833984375
8.474601666665876,-3.197201385498047,7.431409149169923,-0.4159849548339844
8.49449466666647,-8.716972961425782,6.6016845703125,-4.443509674072266
8.514387666666153,-14.291380920410157,10.691779174804688,-6.5503784179687505
8.534280666666746,-14.986685028076172,18.042393493652344,-6.092181243896484
8.554174666666768,-13.228441314697266,14.841449890136719,-11.888727264404297
8.574067666666451,1.9540365600585938,-111.47487396240236,-10.313253479003906
8.593960666666135,19.77852035522461,14.468126220703127,-0.13067825317382814
8.613853666666728,-5.596861267089844,45.555479736328124,1.92320068359375
8.633747874999244,-27.969038085937502,-2.187887420654297,-9.970316619873048
8.653640874999837,-0.09550140380859376,-17.356743621826176,19.72672805786133
8.67353387499952,-6.501729583740235,4.228818969726563,-9.17531982421875
8.693426875000114,-16.162340240478517,5.081445922851563,-2.674787750244141
8.713320874999226,-7.670050048828125,0.6831422424316411,3.450025634765625
8.73321387499982,1.826202392578125,-0.32261627197265597,4.717739410400391
8.753106874999503,-5.639522552490234,1.9020574951171874,3.139720916748047
8.772999875000096,-9.791887664794922,2.127039642333985,1.496737518310547
8.792893874999208,-4.980293426513672,0.42028884887695384,4.055815887451172
8.812786874999802,-1.4744338989257812,0.22689102172851605,5.471422119140625
8.832679874999485,-1.3654605102539064,-0.04015365600585952,4.877906341552735
8.852572875000078,-3.2874636840820313,-1.6588874816894528,2.6197023010253906
8.8724668750001,-3.1126272583007815,-1.5100968933105463,1.700314178466797
8.892359874999784,1.0623408508300782,-3.00668472290039,2.1942869567871095
8.912252874999467,1.2473561096191408,-3.825631713867187,-1.109941864013672
8.93214587500006,1.4096186828613282,-3.4407820129394526,-1.6890875244140626
8.952039875000082,5.224884796142578,-3.3894387817382814,-0.8375083923339844
8.971932874999766,4.983586578369141,-4.438008270263673,-0.7397616577148438
8.99182587499945,2.4113356018066407,-9.860332489013674,0.42945693969726567
9.011718875000042,6.147566070556641,-5.897772674560548,-2.6741889953613285
9.031611874999726,5.863606567382813,-4.701460418701172,1.122964782714844
9.051505874999748,1.3886622619628908,-13.026398620605468,1.9838246154785157
9.071398874999431,-7.033573608398438,-10.189647674560549,-5.3774176025390625
9.091291875000024,-17.65189270019531,-11.915109558105469,-10.868898010253908
9.111184874999708,-18.615139617919922,-11.535049896240237,-6.158343658447266
9.13107887499973,-14.04529266357422,-2.566150817871094,-8.992998962402345
9.150971874999414,-5.575455780029297,4.4910736083984375,-8.75229949951172
9.170864875000007,-3.8170623779296875,8.185840301513672,-12.288246459960938
9.19075787499969,-4.5265869140625,9.696049804687501,-12.142299957275391
9.210651874999712,-2.5307872009277346,12.709583129882812,-8.982820129394531
9.230544874999396,2.208357696533203,15.618933105468752,-7.375163269042969
9.250437874999989,4.463567962646485,15.404429168701173,-4.372257843017579
9.270330874999672,4.57688232421875,14.649998016357422,-4.140390014648438
9.290223874999356,2.901566162109375,13.68031448364258,-3.424728240966797
9.310117874999378,-3.981420593261719,12.65000701904297,-1.199755096435547
9.33001087499997,-11.286828918457031,14.064715118408204,-1.7826429748535157
9.349903874999654,-11.112142181396486,15.959624633789064,-3.1355296325683595
9.369796874999338,-8.88028335571289,18.97375671386719,-1.0627899169921875
9.38969087499936,-9.06320297241211,24.293544158935546,-0.7451504516601563
9.409583874999953,-2.212998046875,0.9226441955566411,-1.5858023071289062
9.429476874999636,-42.60994216918945,-126.0768589782715,37.987554473876955
9.44936987499932,46.29512878417969,55.462328338623045,-29.43568817138672
9.469262874999913,-33.16563171386719,19.87188903808594,-3.773353271484375
9.489156874999935,-14.931449890136719,-17.515114288330082,6.734196166992188
9.509049874999619,2.152972869873047,-5.346020050048828,1.5600558471679689
9.528942874999302,-2.50758544921875,7.4409892272949225,0.29069549560546876
9.548835874999895,-13.377980346679688,1.1860963439941408,1.6259188842773438
9.568729874999917,-7.44416976928711,-0.24103591918945355,4.598287811279297
9.5886228749996,-3.7520974731445316,4.025541687011719,9.186546478271485
9.608515874999284,-9.097481689453126,-1.623860321044921,3.7306919860839844
9.628408791666516,-18.874849548339846,-2.133251037597656,3.5604959106445313
9.6483017916662,-3.2952474975585937,-2.8703182983398445,2.8566595458984376
9.668195791666221,3.985013122558594,-13.674251403808595,0.6183641052246094
9.688088791665905,9.859996032714845,-13.000352783203125,-2.5679100036621096
9.707981791666498,7.959997100830079,-1.0360327148437491,-1.948348388671875
9.727874791666181,4.867577819824219,-1.9205433654785153,1.387614440917969
9.747768791666203,6.145769805908204,-3.431351623535157,3.829486541748047
9.767661791665887,6.992858276367188,-6.895897064208986,2.0437001037597655
9.78755479166648,1.7247134399414064,-7.582070159912108,-2.496508483886719
9.807447791666164,3.490591278076172,-11.808531188964844,-0.9509724426269531
9.827340791666757,-5.031187591552735,-11.693121185302735,0.5959107971191406
9.847234791666779,-10.225535888671876,-10.326313476562499,0.6421646118164063
9.867127791666462,-6.608158264160156,-9.45976547241211,1.49688720703125
9.887020791666146,-9.385482788085938,-2.775715026855469,-2.183060302734375
9.906913791666739,-8.703800354003906,6.013108520507813,-4.963977355957032
9.926806791666422,-5.021308135986328,12.583545227050783,-4.015549621582031
9.946700791666444,-5.281616821289063,15.565793609619142,-4.124822387695312
9.966593791666128,-4.984933776855469,17.184078369140625,-4.746629333496094
9.98648679166672,-1.6142431640625001,18.142385559082033,-2.575693817138672
10.006379791666404,1.4855108642578125,18.425446929931642,-1.0529104614257814
10.026273791666426,3.993246002197266,16.245081024169924,-0.6843768310546875
10.04616679166611,5.536985778808594,13.762044525146486,0.7267387390136719
10.066059791666703,3.1891181945800784,12.97483154296875,-0.8946894836425782
10.085952791666386,-1.0211764526367189,11.653529205322267,-0.19309844970703127
10.10584579166607,-11.04627914428711,11.989879760742188,0.11466156005859375
10.125739791666092,-14.750775604248048,14.477257232666016,-2.2465283203125
10.145632791666685,-7.655829620361328,16.88050964355469,0.24144790649414063
10.165525791666369,-64.71926559448242,-15.456744689941408,22.344185028076172
10.185418791666052,34.718352813720706,-25.591868591308597,8.72311019897461
10.205311791666645,-4.193230133056641,14.959254913330078,4.61759765625
10.225205791666667,-11.351943511962892,2.1652102661132817,3.360811157226563
10.24509879166635,-0.30641281127929687,8.7619921875,7.661218414306641
10.264991791666034,-14.82322494506836,0.4180435180664066,-0.748443603515625
10.284884791666627,-9.112151184082032,-3.497514038085937,4.094884643554687
10.30477879166665,-6.959627380371094,4.422067108154297,5.334756317138672
10.324671791666333,-9.002579040527344,-0.33219635009765547,2.2879920959472657
10.344564791666016,-14.285692749023438,-0.9441238403320309,2.151625671386719
10.36445779166661,-8.859776000976563,-1.2888569641113286,1.6696279907226563
10.384350791666293,-6.790030059814454,-5.257254638671876,-3.1557376098632814
10.404244791666315,-2.5071363830566407,-13.451065521240237,-3.2898587036132816
10.424137791665999,4.314627685546875,-8.39772399902344,-3.580105133056641
10.444030791666592,6.578070831298828,-1.65439682006836,-1.3464500427246096
10.463923791666275,3.6973114013671875,-4.989461517333984,-0.3823049926757813
10.483816791665959,1.5628999328613282,-5.348415069580078,-4.15580795288086
10.50371079166598,0.6933581542968751,-11.395689697265626,0.258662109375
10.523603791666574,-3.6874319458007814,-14.34171340942383,-0.2517764282226563
10.543496791666257,4.0408470153808596,-11.666925659179688,5.290897521972656
10.56338979166594,-4.733606414794922,-7.640149383544921,2.5530908203125002
10.583282791666534,-12.550650787353517,-7.627276153564454,-0.27452911376953126
10.603176791666556,-10.604847106933594,-2.527381439208984,-3.981719970703125
10.62306979166624,-10.442434844970704,5.301787719726563,-7.244784393310547
10.642962500000067,-8.797056427001953,11.36103744506836,-6.893914031982423
10.66285549999975,-6.681805114746094,15.550525360107422,-4.4015968322753904
10.682748499999434,-3.933370513916016,16.553290100097655,-2.7307713317871096
10.702642499999456,-0.6517446899414063,16.352557525634765,0.2070195007324219
10.722535500000049,5.037624206542969,18.255400543212893,1.6182847595214844
10.742428499999733,7.953710174560547,18.142385559082033,1.9752923583984376
10.762321499999416,7.175628204345704,16.013811950683596,2.2112017822265626
10.78221450000001,3.9185513305664066,14.156174926757814,0.53408935546875
10.802108500000031,-1.633253631591797,11.875816955566407,0.4014651489257813
10.822001499999715,-12.98190399169922,16.548050994873048,-2.3806494140625003
10.841894499999398,-7.336543579101563,23.140342254638675,-2.6444009399414066
10.861787499999991,-12.573104095458985,24.388446807861328,37.88875991821289
10.881680499999675,-51.32407104492188,-42.88121520996094,-16.11114669799805
10.901574499999697,38.83329574584961,2.80842269897461,-11.148067474365234
10.92146749999938,-37.64656356811523,-10.685716094970703,8.541238403320312
10.941360499999973,18.300493927001956,-10.789001312255861,10.622660064697266
10.961253499999657,-10.700348510742188,21.581184539794926,-0.41987686157226567
10.98114649999934,-13.499527587890626,5.608649597167969,3.3917967224121095
11.001040499999363,-10.61233154296875,-3.702138519287109,5.4073553466796875
11.020933499999956,-9.219627685546875,-2.7049122619628907,2.4533981323242187
11.040826499999639,-13.45417190551758,1.1820547485351565,0.6123765563964844
11.060719499999323,-11.819271697998047,-3.8420974731445305,0.7448510742187501
11.080612499999916,-5.490881652832032,-8.541724548339845,-0.9610015869140626
11.100506499999938,1.9508930969238283,-10.33694137573242,-2.719095611572266
11.120399499999621,7.88679931640625,-8.058978424072267,-1.8730549621582033
11.140292499999305,5.107379150390625,-0.3830905151367183,-1.62142822265625
11.160185499999898,-1.334175567626953,2.3761216735839845,-0.991388397216797
11.180078499999581,-4.589905242919922,0.7332879638671876,-1.730102233886719
11.199972499999603,4.366270294189453,-1.0667189025878905,-2.0914508056640626
11.219865499999287,8.161328430175782,-3.9052661132812503,0.2543211364746094
11.23975849999988,8.43421096801758,-4.012592926025391,-0.5272036743164062
11.259651499999563,1.9588265991210938,-11.820655975341799,-1.0330018615722656
11.279544499999247,-3.546874237060547,-11.248096618652346,-1.299148406982422
11.299438499999269,-4.666096801757813,-8.771646423339844,-1.4067745971679688
11.319331499999862,-6.773863677978516,-7.220272521972655,0.116158447265625
11.339224499999546,-10.490933990478515,-4.286822662353515,-1.7238153076171876
11.359117499999229,-11.727811889648438,1.7742233276367188,-4.992118835449219
11.379010499999822,-11.236832885742189,5.306577758789063,-5.861211547851563
11.398904499999844,-10.493179321289062,5.956077117919922,-4.489464111328125
11.418797499999528,-9.06514892578125,8.522639923095703,-3.0226643371582034
11.438690499999211,-5.135221252441407,11.448455657958984,-3.4980757141113283
11.458583499999804,-2.408042449951172,11.263440399169923,-2.7767257690429688
11.478476499999488,-2.7925927734375002,10.356326751708986,-2.6063800048828125
11.49836950000008,-0.8660989379882813,10.126704254150392,-3.0960118103027345
11.518263500000103,0.35476226806640626,9.856366424560548,-3.1031968688964846
11.538156499999786,-0.26719436645507816,9.411341857910157,-3.339705047607422
11.55804949999947,-1.6557069396972657,9.415383453369142,-3.260669403076172
11.577942500000063,-1.3656101989746094,8.64074432373047,-2.859503631591797
11.597835499999746,-1.9113752746582031,8.327146453857422,-0.1734892272949219
11.617729499999768,-2.362237701416016,8.47503890991211,3.3214430236816406
11.63762237499941,-3.323987731933594,8.673526153564454,0.9244775390625001
11.657515375000003,-6.135291595458985,6.729967803955079,-2.8101063537597657
11.677408374999686,-11.520792388916016,5.661489715576172,-4.1270677185058595
11.69730137499937,-15.42108169555664,8.026721191406251,-3.963457946777344
11.717195374999392,-12.762460327148439,12.213963775634767,-1.6247213745117188
11.737088374999985,-11.292666778564454,12.806731109619141,-4.130959625244141
11.756981374999668,6.201004943847656,-77.83517807006837,-26.61675018310547
11.776874374999352,1.2214599609375,6.2009678649902344,12.323572998046876
11.796767374999945,-6.39036117553711,31.82243774414063,-9.194779357910157
11.816660374999628,2.2144949340820315,4.697793731689454,0.14400054931640627
11.83655437499965,-21.6891471862793,-19.901751251220702,3.5462754821777347
11.856447374999334,2.442919921875,4.806018676757813,-2.567311248779297
11.876340374999927,-16.113841094970702,6.337184600830079,-7.035669250488281
11.89623337499961,-13.486953735351562,-3.071649627685547,0.3788621520996094
11.916126374999294,5.071753234863282,0.8735462951660153,6.886429595947266
11.936020374999316,-5.542224884033203,5.467044067382813,2.8410919189453128
11.95591337499991,-11.675271148681642,-0.31617965698242223,5.569617919921876
11.975806374999593,-4.147275695800781,1.8480198669433596,6.736890563964844
11.995699374999276,-2.5547373962402347,-1.6232615661621086,6.488856353759766
12.01559237499987,-9.510472869873047,-3.011923828124999,9.141041107177735
12.035485374999553,-0.33679962158203125,0.043522338867187926,11.087293853759766
12.055379374999575,-0.5800437927246094,-5.910196838378907,11.194171600341797
12.075272374999258,2.2843995666503907,-2.2429728698730464,8.967551879882812
12.095165374999851,2.2442829895019534,0.2155146789550777,3.0993049621582034
12.115058374999535,0.9050180053710938,1.2052565002441415,0.26839187622070315
12.134951374999218,-3.114722900390625,0.7162234497070319,-5.171894989013672
12.15484537499924,-6.499484252929688,-0.4257518005371086,-7.787855072021485
12.174738374999833,-1.614093475341797,-3.1960409545898436,-6.905889129638672
12.194631374999517,0.6421646118164063,-2.88304183959961,-4.510869598388672
12.21452437500011,-0.08771759033203125,-2.358831939697266,-2.388882293701172
12.234417374999794,3.2192056274414065,-1.6749041748046878,0.6732998657226563
12.254310374999477,12.74195297241211,-1.368641052246094,3.12310546875
12.2742043749995,11.836785278320313,1.163792724609376,4.3629771423339845
12.294097375000092,4.84796859741211,1.6670462036132818,1.9504440307617188
12.313990374999776,4.1429347229003906,-2.728114013671876,-0.1471440124511719
12.33388337499946,3.0608349609375,-13.41394271850586,0.002544708251953125
12.353776375000052,-5.112318878173828,-15.39642013549805,-0.5108876037597656
12.373669374999736,-9.79368392944336,-21.16662094116211,-4.115691375732422
12.393563374999758,-3.3293765258789065,-16.142618408203127,-3.762725372314453
12.413456374999441,-3.7717066955566407,-11.006948089599609,-1.0057585144042969
12.433349375000034,-11.911629638671876,-7.504531402587892,0.11331436157226563
12.453242374999718,-16.244669036865236,-0.17187973022460845,-5.295238494873047
12.473135374999401,-11.826456756591798,6.798824615478516,-7.365882568359376
12.493028374999994,-8.932225341796876,12.204832763671876,-10.618917846679688
12.512922375000016,-9.592502288818359,14.922281799316407,-13.000914459228516
12.5328153749997,-5.251529388427735,15.457568664550783,-8.47118408203125
12.552708374999384,0.032332763671875,16.81344909667969,-5.419480133056641
12.572601374999977,1.779349822998047,18.298810272216798,-3.953877868652344
12.59249437499966,4.443809051513672,17.65514877319336,-1.6280145263671877
12.612387374999344,6.202052764892579,15.831940155029297,1.0330018615722656
12.632281749999493,5.478457489013672,14.661673736572267,3.702400817871094
12.652174750000086,-0.18591339111328126,14.967787170410158,0.118553466796875
12.67206774999977,-7.103927307128907,14.338645477294921,-3.2944990539550782
12.691960749999453,-14.244528350830079,12.362155609130859,-4.477039947509766
12.711853750000046,-14.693295135498047,12.515736236572266,-1.4449452209472657
12.73174674999973,-5.855673065185547,17.023462371826174,2.635419616699219
12.751640749999751,-2.9960197448730472,23.39930374145508,2.2350022888183596
12.771533749999435,-3.1949560546875,-18.453213500976567,10.024354248046876
12.791426750000028,-36.40848815917969,-54.86798858642578,16.321010284423828
12.811319749999711,42.96979385375977,58.604593963623046,-4.141587524414063
12.831212749999395,-40.64273300170898,6.897918548583984,-17.64874923706055
12.851105749999988,4.92176513671875,-19.88753082275391,17.938546600341798
12.87099975000001,2.6758355712890625,0.44633468627929673,2.0133132934570312
12.890892749999693,-10.19889129638672,9.220488739013673,-3.5414854431152345
12.910785749999377,-10.244546356201173,1.3862301635742185,0.41927810668945314
12.93067874999997,-7.54476058959961,-3.6629200744628907,2.3462210083007813
12.950571749999654,-8.094567260742188,6.228660278320313,3.743116149902344
12.970464749999337,-12.992831268310548,1.9504069519042968,3.7137771606445313
12.99035874999936,-15.666122131347658,-0.7585098266601555,2.097887420654297
13.010251749999952,-12.304412841796875,0.9528813171386723,2.3336471557617187
13.030144749999636,-9.556277618408204,-2.6046208190917977,-0.9586065673828126
13.05003774999932,-4.724026336669922,-9.022225341796874,-6.424939270019531
13.069930749999912,6.296356658935547,-12.488716735839843,-4.2801992797851565
13.089823749999596,7.706574096679688,-5.446760559082032,-1.6329542541503907
13.10971674999928,5.137017517089844,-1.9313209533691413,-0.5474116516113281
13.129610749999301,6.653813323974609,-1.7181642150878904,0.2171983337402344
13.149503749999894,1.5148498535156252,-5.225670318603516,0.13307327270507813
13.169396749999578,0.37167709350585937,-8.964595184326173,0.9792636108398438
13.189289749999261,9.683812408447267,-14.566695556640626,5.170248413085938
13.209182749999854,0.7539820861816406,-14.935678253173828,5.915249176025391
13.229075749999538,-4.990472259521485,-10.827022247314455,1.9920574951171877
13.24896974999956,-0.6002517700195312,-6.597866821289061,-3.1232551574707035
13.268862749999244,-8.955277404785157,-0.40853759765625064,-8.478069763183594
13.288755749999837,-18.58804595947266,6.987582092285157,-13.655353546142578
13.30864874999952,-15.27633270263672,12.435503082275392,-13.116623840332032
13.328541750000113,-8.826994171142578,13.462667083740236,-12.301568756103515
13.348434749999797,-3.198398895263672,14.126237182617189,-6.894363098144532
13.368328749999819,1.394051055908203,18.329945526123048,-3.686982879638672
13.388221749999502,7.567662963867188,20.46166259765625,-1.9237994384765627
13.408114750000095,9.877210235595703,17.25039047241211,0.2751278686523438
13.428007749999779,6.45936767578125,14.131925354003908,-4.906047821044922
13.447900749999462,1.7842895507812502,12.16232116699219,-5.844596099853516
13.467793750000055,-11.319161682128907,12.742664337158203,-8.352181549072267
13.487686749999739,-15.295193481445313,17.314307556152343,-9.373807067871095
13.50758074999976,-7.219037933349609,22.774503021240236,-5.918692016601563
13.527473749999444,-20.758831787109376,17.28826171875,40.52941864013672
13.547366750000037,-25.599016571044924,-66.39611572265626,21.445154571533205
13.567259749999721,22.097947082519532,39.205983581542974,-15.735577697753907
13.587152749999404,-21.393062896728516,0.4776196289062504,-7.824229431152344
13.607045749999997,-8.824449462890625,-8.065564727783203,13.6276611328125
13.626938749999681,-2.7837611389160157,7.509247283935547,3.1808853149414062
13.646832374999576,-13.231884155273438,-0.5896609497070315,2.616409149169922
13.66672537499926,-12.131073303222657,-2.194773101806641,-1.913321228027344
13.686618374999853,-11.203302612304688,-1.222694549560547,0.062420196533203125
13.706511374999536,-9.214538269042968,-2.5992320251464847,-0.35131942749023437
13.72640437499922,-1.9778370666503908,-9.349594573974608,-3.5781591796875003
13.746297374999813,6.836134185791016,-13.793553314208983,-2.3975642395019534
13.766191374999835,8.790919189453126,-2.1079536437988278,-2.009122009277344
13.786084374999518,5.3772679138183594,1.0256300354003915,0.33829650878906253
13.805977375000111,0.18172210693359375,-2.010057220458984,-1.4144087219238282
13.825870374999795,-2.048939208984375,-7.5982365417480455,-3.147953796386719
13.845763374999478,6.819219360351563,-9.761088867187501,1.02267333984375
13.865656375000071,5.936804351806641,-9.089734954833984,1.3106744384765625
13.885549374999755,4.758454742431641,-12.717590789794924,3.154390411376953
13.905443374999777,-2.076332244873047,-10.999313964843749,3.890559539794922
13.92533637499946,-9.479337615966797,-8.09265838623047,-1.9404148864746096
13.945229375000054,-5.136718139648438,-2.7432325744628905,-5.748346252441406
13.965122374999737,-9.85879852294922,5.151799621582032,-7.436385955810548
13.98501537499942,-13.869258728027344,10.818266143798828,-7.078480224609375
14.004908375000014,-12.033625946044923,14.101538543701173,-5.848038940429688
14.024801374999697,-5.97123275756836,15.346948699951174,-3.310815124511719
14.04469537499972,-0.767603759765625,15.965911560058593,-1.5705340576171876
14.064588374999403,2.916984100341797,16.013961639404297,0.21480331420898438
14.084481374999996,3.8505926513671875,14.912102966308595,-0.06616241455078126
14.10437437499968,2.7189459228515624,12.494480438232422,0.5237608337402344
14.124267374999363,2.707569580078125,10.835480346679688,0.7475454711914062
14.144160374999956,1.397344207763672,10.952836303710939,0.6466552734375001
14.16405337499964,-1.1732601928710937,12.427419891357422,0.10642868041992189
14.183947374999661,-5.330864410400391,15.875798950195314,-1.6601976013183595
14.203840374999345,-6.207441558837891,19.98445495605469,-3.6027081298828127
14.223733374999938,-15.715968475341798,17.045915679931642,36.751275329589845
14.243626374999621,-73.1587156677246,-74.20612472534181,-26.567801971435546
14.263519374999305,35.30887481689453,26.044602813720708,-6.666237487792969
14.283412374999898,-17.041761474609377,7.533197479248047,1.8143769836425783
14.30330637499992,4.517306213378906,1.8246684265136723,8.430169372558595
14.323199374999604,-4.255650329589844,-2.641893310546875,2.758613433837891
14.343092374999287,-11.935579833984375,1.4202095031738278,2.0517832946777346
14.36298537499988,-6.092929687500001,3.3321835327148444,-0.8816665649414063
14.382878374999564,-7.229366455078125,-1.0481575012207038,1.0542576599121094
14.402771374999247,-6.128256225585938,1.8659825134277348,1.1867321777343751
14.42266437499984,-3.200494537353516,2.8765310668945316,1.8576370239257813
14.442558374999862,-6.979835357666016,0.16267456054687557,0.8952882385253906
14.462451374999546,-7.839198303222656,1.1194848632812509,0.012424163818359375
14.48234437499923,-3.7655694580078127,1.6546220397949227,1.561552734375
14.502237374999822,-4.15580795288086,1.0643994140624997,1.3442047119140625
14.522130374999506,-4.889731750488282,1.0919421386718753,0.6069877624511719
14.542023375000099,-5.471122741699219,1.270969848632813,0.13262420654296875
14.561916374999782,-4.735851745605469,1.535170440673829,0.28770172119140625
14.581810374999804,-4.999004516601563,1.674081573486328,0.3435356140136719
14.601703374999488,-4.371509399414062,0.42163604736328075,0.7529342651367188
14.621596375000081,-4.841831359863281,0.6303021240234372,0.41613464355468754
14.641489749999892,-4.569397888183594,1.1305618286132812,-0.37811370849609377
14.661382749999575,-4.682562561035157,-0.07907272338867166,0.8678952026367188
14.681275749999259,-6.090384979248047,0.02765533447265689,1.1193722534179689
14.701168749999852,-5.399272155761719,-0.7805140686035159,-0.5297483825683594
14.721062749999874,-3.6420762634277346,-4.403130798339843,-1.4429992675781251
14.740955749999557,-1.6672329711914062,-4.707447967529298,-1.785337371826172
14.76084874999924,-1.372196502685547,-7.001277923583986,-1.4346166992187501
14.780741749999834,0.19609222412109376,-7.445853424072267,-1.541045379638672
14.800634749999517,3.540736999511719,-1.8120190429687497,-2.288141784667969
14.82052775000011,1.616488494873047,-2.5746830749511727,-0.49097900390625004
14.840420749999794,-3.1738499450683597,-1.8260897827148437,-1.5320640563964845
14.860314749999816,-4.606670379638672,-3.5002084350585942,-0.192799072265625
14.8802077499995,-6.86652099609375,-5.224023742675781,0.28725265502929687
14.900100750000092,-4.673880615234375,-4.591289520263672,0.21225860595703125
14.919993749999776,-1.9071839904785157,-2.760147399902344,1.811832275390625
14.93988674999946,-2.755320281982422,-0.9456207275390618,1.3892610168457031
14.959779750000052,-2.9828471374511722,1.280100860595704,0.13906082153320312
14.979672749999736,-3.466641082763672,3.652218017578125,-1.5286212158203125
14.999566749999758,-4.678071899414062,4.730126495361328,-3.253484344482422
15.019459749999442,-6.274651794433594,5.215716705322266,-4.086801452636719
15.039352750000035,-5.516179046630859,5.867910461425781,-3.9185513305664066
15.059245749999718,-3.5160383605957035,7.228580932617188,-3.9344183349609376
15.079138749999402,-2.6699977111816406,8.003519439697266,-3.7079393005371095
15.099031749999995,-2.8756700134277344,7.9113111877441415,-2.724035339355469
15.118924749999678,-2.9490174865722656,7.657139739990235,-1.6777111816406252
15.138817749999362,-2.3691233825683593,7.7227033996582035,-1.0307565307617188
15.158711749999384,-1.9452049255371096,8.049024810791016,-0.544866943359375
15.178604749999977,-2.1011805725097656,8.33702590942383,-0.42810974121093753
15.19849774999966,-2.6614654541015628,8.04154037475586,-1.0294093322753908
15.218390749999344,-4.15775390625,7.124397583007813,-1.1514056396484376
15.238283749999937,-5.7859181213378905,6.508278808593751,-1.3431568908691407
15.25817674999962,-7.999365234375,6.493908691406251,-1.09452392578125
15.278069749999304,-7.843539276123047,5.874945831298829,-0.4303550720214844
15.297963749999326,-10.156379699707031,4.313093719482422,0.961450653076172
15.317856749999919,-11.477682037353516,3.2037506103515625,0.34712814331054687
15.337749749999602,-9.913584594726563,-0.14703140258789027,2.2647903442382815
15.357642749999286,-9.79802490234375,-1.4644418334960942,0.9243278503417969
15.377535749999879,-11.865525512695314,-4.954584045410156,-3.879781951904297
15.397428749999563,9.623038787841798,-11.387905883789061,-3.676953735351563
15.417321749999246,-0.9401948547363281,-27.493963165283205,14.83370315551758
15.437215749999268,7.67648666381836,12.167410583496094,-25.389003295898437
15.457108749999861,4.753365325927734,-1.198145599365235,-4.317621459960938
15.477001749999545,0.7000941467285157,-1.6169746398925788,2.4144790649414065
15.496894749999228,1.569785614013672,0.21506561279296932,7.747139739990235
15.516787749999821,6.642287292480469,1.4008996582031248,2.0980371093750003
15.536680749999505,-0.1502874755859375,-0.8658366394042964,-2.728226623535156
15.556573750000098,-3.895648956298828,0.5280647277832031,-6.334976348876953
15.576466749999781,1.520538024902344,-0.7778196716308585,-0.29608428955078125
15.596360749999803,4.903353424072266,-1.278678131103515,1.8905685424804688
15.616253749999487,1.9525396728515625,-0.022640075683593608,-1.093326416015625
15.636146416666634,-2.1707858276367187,0.390650482177735,-3.027005310058594
15.656039416666317,-0.5354365539550782,-0.2504663085937491,-0.6325845336914063
15.675932416666,1.5624508666992187,0.2843714904785166,0.6352789306640625
15.695825416666594,-1.3947994995117188,0.3625090026855471,-0.12214599609375
15.715718416666277,-2.6729914855957033,0.5520149230957028,-1.4241384887695314
15.7356124166663,-3.2301329040527347,0.5689297485351563,-1.6293617248535157
15.755505416665983,-1.648821258544922,-0.04030334472656172,-0.15223342895507813
15.775398416666576,-1.3317805480957032,0.46639297485351605,0.09026229858398438
15.79529141666626,-2.2576052856445314,-0.019945678710937997,-0.2136058044433594
15.815184416665943,-2.5093817138671874,-0.2907325744628899,-0.2736309814453125
15.835077416666536,-2.438429260253906,-0.28878662109375064,-0.20073257446289064
15.85497041666622,-1.7898280334472658,1.0682913208007818,-0.4417314147949219
15.874863416665903,-2.85486328125,1.1628945922851557,-0.14534774780273438
15.894757416665925,-2.9497659301757815,1.071883850097656,0.08487350463867188
15.914650416666518,-1.7522561645507813,0.0682209777832039,0.9235794067382813
15.934543416666202,-0.74006103515625,-0.05332626342773494,1.3525872802734376
15.954436416665885,-0.8646020507812501,0.22030471801757834,0.6637197875976563
15.974329416666478,-1.306333465576172,0.03454101562500078,0.47675857543945316
15.994222416666162,-0.7830216979980469,-0.19762619018554695,0.2136058044433594
16.014115416666755,0.19040405273437502,-0.23534774780273438,0.20986358642578126
16.03400841666644,-0.42526565551757817,-0.35809249877929616,-0.15103591918945314
16.05390241666646,-0.5670208740234375,-0.6169042968749991,-0.389190673828125
16.073795416666144,-0.23007156372070314,0.18048751831054766,-0.47556106567382816
16.093688416666737,-0.9382489013671875,-0.02698104858398409,-0.19115249633789064
16.11358141666642,-0.8231382751464844,-0.20032058715820256,-0.1275347900390625
16.133474416666104,-0.7943980407714845,0.04052856445312436,0.5294490051269531
16.153367416666697,-1.222657470703125,0.5324057006835936,0.317340087890625
16.17326041666638,-1.4828164672851563,0.2993403625488291,0.40954833984375
16.193153416666064,-1.3724958801269531,0.1321380615234382,0.70174072265625
16.213047416666086,-0.9680369567871094,0.31266265869140675,0.8249345397949219
16.23294041666668,-1.3539344787597658,0.5505180358886719,0.6581813049316406
16.252833416666363,-1.323098602294922,0.2607206726074214,0.5288502502441407
16.272726416666046,-1.2283456420898438,0.17105712890625036,0.8193960571289063
16.29261941666664,-1.3931529235839843,0.2520387268066404,0.5204676818847657
16.312512416666323,-0.9964778137207032,0.1515975952148434,-0.006286926269531251
16.332405416666006,-1.3168116760253907,-0.12233276367187429,0.03442840576171875
16.3522984166666,-1.1497590637207031,-0.22921051025390682,-0.2423460388183594
16.37219241666662,-0.8216413879394532,-0.03925552368164098,-0.33141082763671875
16.392085416666305,-1.0852432250976562,-0.3250112915039054,0.03338058471679688
16.41197841666599,-0.9451345825195313,-0.2639382934570307,0.07978408813476563
16.43187141666658,-0.5153782653808594,0.24515304565429652,-0.08756790161132813
16.451764416666265,-0.9764195251464844,-0.2175347900390623,0.061072998046875
16.47165741666595,-1.0162367248535156,-0.057667236328125426,0.011825408935546875
16.49155041666654,-1.016536102294922,0.3655027770996089,-0.053887939453125006
16.511443416666225,-1.4145584106445312,-0.12547622680664006,0.19145187377929687
16.53133641666591,-0.9026229858398438,0.048761444091796946,0.14444961547851562
16.5512294166665,-1.4208453369140626,-0.03416610717773416,0.20986358642578126
16.571123416666524,-1.4548246765136719,0.19321105957031293,0.11421249389648438
16.591016416666207,-1.4721885681152345,0.13543121337890618,-0.00269439697265625
16.61090941666589,-1.2487033081054688,0.1336349487304691,0.11960128784179688
16.630802416666484,-1.1635304260253907,-0.00931777954101598,0.144898681640625
16.650695874999656,-0.9976753234863281,-0.00961715698242216,0.20073257446289064
16.67058887499934,-1.0087522888183593,-0.003030853271484446,0.06945556640625
16.690481874999932,-0.9433383178710938,-0.03656112670898359,0.006286926269531251
16.710374874999616,-0.9931846618652345,-0.045243072509766336,0.07514373779296875
16.730268874999638,-0.926722869873047,0.12061203002929766,0.11121871948242187
16.75016187499932,-0.9618997192382813,-0.02533447265624922,0.21944366455078126
16.770054874999914,-0.8750802612304688,-0.05901443481445234,0.1776805114746094
16.789947874999598,-1.0880873107910156,-0.03760894775390611,0.22947280883789065
16.80984087499928,-1.0053094482421876,0.0358882141113277,0.2844085693359375
16.829733874999874,-0.871787109375,0.023314361572266407,0.32901580810546877
16.849626874999558,-0.8888516235351563,0.07166381835937585,0.22423370361328127
16.86951987499924,-1.0600955200195312,0.05415023803710994,0.27422973632812503
16.889412874999834,-1.094673614501953,0.0792979431152343,0.2315684509277344
16.909306874999857,-0.999920654296875,0.12300704956054709,0.2076182556152344
16.92919987499954,-0.9927355957031251,0.04397140502929631,0.15777191162109375
16.949092874999224,-0.9539662170410157,-0.1627487182617191,0.17453704833984376
16.968985874999817,-0.8402027893066407,0.033642883300782245,0.2028282165527344
16.9888788749995,-0.8975335693359375,0.014782104492187642,0.12528945922851564
17.008771875000093,-0.9325607299804688,-0.014556884765625,-0.22722747802734375
17.028664874999777,-1.064735870361328,-0.18355545043945298,-0.0496966552734375
17.04855787499946,-2.3514601135253907,0.5954246520996094,-0.40610549926757816
17.068450875000053,-0.7800279235839844,-0.1617008972167966,0.02784210205078125
17.088344875000075,0.07619155883789062,-0.14448669433593686,0.7170089721679688
17.10823787499976,-0.13202545166015625,-0.08326400756835994,0.6122268676757813
17.128130874999442,-0.6108796691894531,-0.01979598999023402,0.28979736328125
17.148023875000035,-1.2781919860839845,0.3584674072265628,-0.11331436157226563
17.16791687499972,-1.3076806640625,-0.3305497741699224,-0.016615447998046876
17.187809874999402,-0.9105564880371094,-0.3197721862792964,0.49337402343750003
17.207702874999995,-0.65863037109375,-0.11918930053710852,0.6224057006835938
17.22759587499968,-0.7247927856445313,0.06762222290039155,0.324525146484375
17.247488874999362,-1.0982661437988281,-0.15032455444336001,0.16196319580078125
17.267382874999385,-1.8440153503417969,-0.6047795104980462,0.00718505859375
17.287275874999978,-0.6819818115234375,1.6272290039062494,-0.8722361755371094
17.30716887499966,-0.7674540710449219,-0.6812704467773436,0.4040098571777344
17.327061874999345,-0.5909710693359376,0.09232086181640575,0.22947280883789065
17.346954874999938,-0.6366261291503906,-0.05676910400390689,0.14624588012695314
17.36684787499962,-0.8990304565429688,0.009992065429687003,-0.048648834228515625
17.386740874999305,-0.9151968383789063,-0.014856262207031179,0.0041912841796875
17.406633874999898,-0.7584727478027344,0.03199630737304737,0.13202545166015625
17.42652687499958,-0.7265890502929688,-0.014107818603514843,0.28680358886718754
17.446419874999265,-0.8445437622070313,-0.01964630126953182,0.16076568603515626
17.466313874999287,-0.8830137634277344,-0.05901443481445234,0.13546829223632814
17.48620687499988,-0.9535171508789063,0.06193405151367237,0.004939727783203125
17.506099874999563,-0.8178991699218751,0.014632415771483664,0.11645782470703125
17.525992874999247,-0.906514892578125,-0.04479400634765618,0.19504440307617188
17.54588587499984,-0.8831634521484375,0.04576766967773516,0.07035369873046875
17.565778874999523,-0.8478369140625001,-0.007820892333985086,0.06511459350585938
17.585671875000116,-0.8295748901367188,-0.04718902587890561,0.11825408935546876
17.6055648749998,-0.7770341491699219,0.032145996093749574,0.07918533325195314
17.625457874999483,-0.8479866027832031,-0.07428268432617102,0.1477427673339844
17.645350166666503,-0.8857081604003907,0.03798385620117273,0.12229568481445313
17.665244166666525,-0.9119036865234376,0.026906890869140554,0.16256195068359375
17.68513716666621,-0.8053253173828125,0.1349821472167978,0.106578369140625
17.705030166665892,-0.7417076110839844,-0.037758636474610086,0.16570541381835938
17.724923166666485,-0.7283853149414062,0.016877746582030895,0.10702743530273438
17.74481616666617,-0.8891510009765625,-0.09254470825195327,0.18037490844726564
17.764709166666762,-0.8833131408691407,0.03738510131836037,0.10523117065429688
17.784602166666446,-0.8301736450195313,0.07001724243164098,0.09475296020507813
17.80449516666613,-0.9234297180175782,-0.08101867675781271,0.12020004272460938
17.824388166666722,-0.9288185119628907,0.008944244384766264,0.11825408935546876
17.844281166666406,-0.9205856323242188,0.07256195068359439,0.22303619384765627
17.864175166666428,-0.9093589782714844,0.09860778808593729,0.26240432739257813
17.88406816666611,-0.8508306884765625,0.008046112060547728,0.17019607543945314
17.903961166666704,-0.8381071472167969,-0.02728042602539027,0.09774673461914063
17.923854166666388,-0.7994874572753906,-0.024136962890624503,0.07798782348632813
17.94374716666607,-0.7685018920898438,-0.03701019287109375,0.14415023803710938
17.963640166666664,-0.8406518554687501,0.0008610534667976566,0.1622625732421875
17.983533166666348,-0.9322613525390625,-0.02698104858398409,0.13202545166015625
18.00342616666603,-0.8351133728027345,0.036037902832031676,0.1633103942871094
18.023319166666624,-0.7949967956542969,0.03334350585937429,0.16241226196289063
18.043212166666308,-0.8219407653808594,-0.07473175048828118,0.16001724243164064
18.06310516666599,-0.7491920471191407,-0.04644058227539105,0.11166778564453125
18.082999166666013,-0.8343649291992188,-0.010964355468749076,0.12918136596679688
18.102892166666606,-0.8521778869628907,-0.018748168945311505,0.2171983337402344
18.12278516666629,-0.7182064819335938,-0.02219100952148345,0.17648300170898437
18.142678166665974,-0.7183561706542969,-0.023089141845703764,0.21644989013671875
18.162571166666567,-0.6304888916015625,-0.08925155639648352,-0.016016693115234376
18.18246416666625,-3.1392718505859376,1.1399922180175786,-1.4295272827148438
18.202357166665934,-0.9479786682128907,-0.9698703002929694,-0.08756790161132813
18.222250166666527,0.09175918579101563,0.04022918701171818,0.4773573303222656
18.24214316666621,-0.08307723999023438,0.11896545410156278,0.6388714599609375
18.262036166665894,-0.7749385070800782,-0.20541000366210938,0.5396278381347657
18.281930166665916,-0.9113049316406251,0.06852035522461009,0.2411485290527344
18.30182316666651,-0.6691085815429688,0.026906890869140554,0.44457550048828126
18.321716166666192,-0.8352630615234375,0.031247863769531037,0.21405487060546877
18.341609166665876,-1.2317884826660157,0.25937347412109446,-0.3131488037109375
