Time (s),X (rad/s),Y (rad/s),Z (rad/s)
0.0,0.37088942527770996,4.156204700469971,5.5843825340271
0.01989400000002206,-0.36768680810928345,1.7457449436187744,5.770063877105713
0.03978800000004412,-1.0495760440826416,-0.682553768157959,5.72173547744751
0.059680999999727646,-0.03626906871795654,-3.134866714477539,5.176126003265381
0.07957499999974971,1.972461462020874,-3.9811434745788574,4.488968849182129
0.09946899999977177,3.6268081665039062,-3.8542349338531494,3.564997434616089
0.11936199999945529,4.066378593444824,-0.9755891561508179,2.4668240547180176
0.13925599999947735,4.470917224884033,1.6475646495819092,0.8290751576423645
0.15914999999949941,4.718900203704834,1.6606359481811523,-0.3426051139831543
0.17904300000009243,5.027619361877441,-0.33535146713256836,-1.3267326354980469
0.1989370000001145,4.961390495300293,-1.855643391609192,-2.967700481414795
0.21883100000013656,4.351210117340088,-2.0713577270507812,-4.6508636474609375
0.23872399999982008,3.837813377380371,-0.9717095494270325,-5.851706504821777
0.25861799999984214,3.2153244018554688,0.5859676003456116,-6.555238246917725
0.2785119999998642,2.482454776763916,1.8554177284240723,-7.0618672370910645
0.2984049999995477,0.4880266487598419,5.411585807800293,-5.890574932098389
0.3182989999995698,-3.0773658752441406,-0.2200041562318802,-4.64279317855835
0.33819299999959185,3.210139751434326,2.2984862327575684,-6.687286376953125
0.35808600000018487,-0.30912309885025024,7.44782018661499,-5.646510124206543
0.37798000000020693,-0.4294576644897461,3.138154983520508,-4.337908744812012
0.397874000000229,1.2540338039398193,-3.1183407306671143,-2.1753361225128174
0.4177669999999125,0.5286250710487366,-2.9900074005126953,-1.6604323387145996
0.4376609999999346,1.3158626556396484,2.1180553436279297,-1.4698433876037598
0.45755499999995664,1.8164910078048706,3.3257946968078613,-0.41961321234703064
0.4774489999999787,2.301797389984131,-0.5832903981208801,-1.0367077589035034
0.4973419999996622,-8.88255786895752,0.4334198236465454,1.0625905990600586
0.5172359999996843,5.78489875793457,-8.980585098266602,2.5929441452026367
0.5371299999997063,-0.07393904775381088,1.2564890384674072,3.6600944995880127
0.5570229999993899,-0.14602376520633698,2.782538652420044,-0.21461905539035797
0.5769169999994119,0.3586651384830475,2.413236141204834,0.24916498363018036
0.596810999999434,1.4729082584381104,-0.6961496472358704,1.8315781354904175
0.616704000000027,0.5600386261940002,-1.014963150024414,0.369719922542572
0.6365977916666452,0.18366631865501404,2.435399293899536,-0.32268011569976807
0.6564917916666673,0.13810287415981293,1.0337640047073364,-0.562375009059906
0.6763847916663508,-0.18545937538146973,0.04130058363080025,-0.4376237094402313
0.6962787916663729,-0.6272774934768677,0.3940368592739105,-1.1568392515182495
0.7161727916663949,-0.6878666877746582,0.5513615012168884,-1.219115972518921
0.736066791666417,-0.566982626914978,0.43833813071250916,-1.0977073907852173
0.7559597916661005,-0.6610904932022095,0.3597504794597626,-0.5507784485816956
0.7758537916661226,-0.26524925231933594,0.6717578768730164,-0.22090667486190796
0.7957477916661446,0.3627277910709381,1.2206652164459229,0.8594689965248108
0.8156407916667376,0.8788254261016846,1.4154770374298096,4.274913311004639
0.8355347916667597,1.8947882652282715,1.7183771133422852,6.282688140869141
0.8554287916667818,2.3624629974365234,0.9619290232658386,6.69755744934082
0.8753217916664653,2.0834553241729736,1.729249119758606,7.372696876525879
0.8952157916664873,1.2385859489440918,2.2447030544281006,6.1986918449401855
0.9151097916665094,1.0761233568191528,2.0910286903381348,5.932577133178711
0.9350027916661929,1.321300983428955,2.018862724304199,4.876107692718506
0.954896791666215,1.6672934293746948,0.9205151796340942,2.1533591747283936
0.974790791666237,1.499004602432251,0.2093217819929123,-0.06378273665904999
0.9946837916668301,1.6412242650985718,-0.8455833196640015,-2.244910955429077
1.0145777916668521,1.5301036834716797,-2.1966054439544678,-4.517917633056641
1.0344717916668742,1.03907310962677,-3.126842737197876,-5.408636093139648
1.0543647916665577,0.721837043762207,-2.034031391143799,-5.928725719451904
1.0742587916665798,-0.03359164670109749,0.651498556137085,-6.151561260223389
1.0941517916662633,0.29525062441825867,2.7834391593933105,-6.162369251251221
1.1140457916662854,0.4985553026199341,1.890604853630066,-5.307097911834717
1.1339397916663074,0.50770503282547,-1.286576509475708,-3.996825933456421
1.1538327916669004,0.06991540640592575,-2.6836953163146973,-3.3105340003967285
1.1737267916669225,1.5316340923309326,-5.8902435302734375,-2.091512680053711
1.1936207916669446,-1.486384391784668,7.11290979385376,6.118355751037598
1.213513791666628,0.615679919719696,-5.258796215057373,-1.627967119216919
1.2334077916666502,0.36731261014938354,0.2199687659740448,1.7948304414749146
1.2533017916666722,-0.048271697014570236,0.15665191411972046,0.8610527515411377
1.2731947916663557,-0.5242803692817688,1.5396994352340698,-0.9697610139846802
1.2930887916663778,-0.028030216693878174,1.106092929840088,0.19027918577194214
1.3129817916660613,-0.2913912534713745,-0.12786558270454407,0.14971119165420532
1.3328757916660834,-1.0367858409881592,0.9705110788345337,-1.1298131942749023
1.3527697916661054,-1.2954423427581787,0.5958037972450256,-1.2041765451431274
1.3726627916666985,-1.4972995519638062,-0.3701896071434021,-1.292889952659607
1.3925567916667205,-1.5732860565185547,-0.38017040491104126,-1.3997416496276855
1.4124507916667426,-1.0738446712493896,-0.8293676376342773,-0.8045854568481445
1.4323437916664261,-0.6254395842552185,-0.11585919559001923,-0.7883399724960327
1.4522377916664482,-0.5301888585090637,0.3396559953689575,-0.05616866797208786
1.4721307916661317,-0.17800986766815186,-0.7349746227264404,1.88713800907135
1.4920247916661538,-0.15036028623580933,-2.1618006229400635,4.83814001083374
1.5119187916661758,0.6794834733009338,-1.7332152128219604,5.22357177734375
1.5318117916667688,1.5372716188430786,-0.28599968552589417,5.982570171356201
1.551705791666791,1.784873366355896,1.331845998764038,5.724842071533203
1.5715987916664744,1.3986879587173462,3.24763822555542,5.190034866333008
1.5914927916664965,0.9417474865913391,3.3707218170166016,4.7446088790893555
1.61138579166618,0.33396878838539124,2.7579894065856934,4.311878204345703
1.631279791666202,0.2542678117752075,1.10513174533844,3.14876389503479
1.6511738749995857,0.7517805099487305,-0.6246087551116943,0.9791515469551086
1.6710668750001787,0.767743706703186,-2.271209478378296,-0.8595390319824219
1.6909608750002008,0.944397509098053,-3.572868585586548,-2.4369874000549316
1.7108538749998843,0.8214244842529297,-3.7274441719055176,-3.6228768825531006
1.7307478749999063,0.24351556599140167,-2.696708917617798,-4.461183071136475
1.7506408749995899,-0.20996257662773132,-0.40926334261894226,-4.908655166625977
1.770534874999612,0.2648071348667145,2.503417730331421,-5.515862941741943
1.790428874999634,0.7249801754951477,4.223968982696533,-5.502117156982422
1.810321875000227,0.9426866769790649,3.313354969024658,-4.667987823486328
1.830215875000249,1.0703524351119995,0.14884941279888153,-3.7093214988708496
1.8501088749999326,0.9044357538223267,-1.8375080823898315,-2.8480000495910645
1.8700028749999547,0.5360947847366333,-2.782386541366577,-2.3489584922790527
1.8898958749996382,-0.6441958546638489,1.6676578521728516,0.4230242669582367
1.9097898749996602,-0.33250635862350464,-2.317202568054199,2.9376015663146973
1.9296838749996823,2.121640205383301,-3.581295967102051,0.1248607337474823
1.9495768750002753,0.062091585248708725,1.418648600578308,2.177628993988037
1.9694708749993879,-0.1729460060596466,0.8992727994918823,-0.3936733901500702
1.989363874999981,-0.2532251179218292,0.7735756635665894,0.23559600114822388
2.009257875000003,0.45508676767349243,-0.5687617063522339,0.8755215406417847
2.0291508749996865,-0.06405877321958542,-0.19139648973941803,0.22207902371883392
2.0490448749997086,-0.1130107194185257,0.9634072184562683,-0.4311242997646332
2.068937874999392,-0.2303442656993866,1.1605000495910645,-0.5062105059623718
2.088831874999414,-0.593195915222168,0.41304588317871094,-0.8451881408691406
2.108724875000007,-0.8845599889755249,0.6640743017196655,-1.3564953804016113
2.128618875000029,-0.9918860793113708,0.7668331861495972,-1.6090617179870605
2.1485118749997127,-1.1471225023269653,0.2829023003578186,-1.6643081903457642
2.168405874999735,-0.9686292409896851,-0.2226904183626175,-1.2698832750320435
2.1882988749994183,-0.36127379536628723,0.2986027002334595,-0.949874222278595
2.2081928749994404,-0.36085352301597595,0.5270169973373413,-0.622133731842041
2.2280868749994625,-0.18447212874889374,-0.2912552058696747,0.6713891625404358
2.2479798750000555,0.2532491087913513,-1.222285270690918,3.5961921215057373
2.2678738750000775,0.5467745065689087,-1.0683850049972534,5.457448482513428
2.287766874999761,1.1265757083892822,-0.24364444613456726,5.62941312789917
2.307660874999783,1.5379154682159424,0.1949535608291626,6.003952503204346
2.3275538749994666,1.762569785118103,1.850231647491455,5.964999675750732
2.3474478749994887,1.2699960470199585,4.118152141571045,5.275267124176025
2.3673408750000817,0.9132311940193176,4.153857707977295,4.885272979736328
2.387234875000104,0.770664632320404,2.864691972732544,4.293217658996582
2.4071278749997873,1.0584079027175903,0.8259174227714539,2.614497184753418
2.4270218749998094,1.4396330118179321,-0.7783030867576599,0.5074415802955627
2.446914874999493,1.5761207342147827,-1.9653692245483398,-1.116402268409729
2.466808874999515,1.5595417022705078,-2.0654780864715576,-2.6478381156921387
2.486701875000108,1.2994076013565063,-0.9973090887069702,-3.8894906044006348
2.50659587500013,1.0637799501419067,0.8751088976860046,-4.709684371948242
2.5264888749998136,1.295371651649475,2.753023386001587,-5.343575954437256
2.5463828749998356,1.9815527200698853,4.745565891265869,-5.559646129608154
2.566275874999519,2.7735183238983154,5.841312408447266,-5.480976104736328
2.586169874999541,2.7932605743408203,5.425238132476807,-4.61275053024292
2.6060628750001342,2.5074386596679688,3.194913148880005,-3.679159164428711
2.6259568750001563,2.3200368881225586,0.49383145570755005,-2.734950304031372
2.6458497499997975,2.0583817958831787,-0.8284750580787659,-1.8401471376419067
2.6657437499998196,1.7860580682754517,-0.3015384376049042,-1.5290757417678833
2.685636749999503,1.487986445426941,0.1641303449869156,-1.6875265836715698
2.705529750000096,-5.840743064880371,-3.4597532749176025,-2.576833724975586
2.725423750000118,2.8019518852233887,-4.420778751373291,7.680862903594971
2.7453167499998017,4.370845794677734,-3.3982837200164795,-1.0437668561935425
2.7652107499998237,-2.8196535110473633,0.653479814529419,2.296103000640869
2.7851037499995073,0.8765828013420105,1.6182575225830078,0.5136812329292297
2.8049977499995293,0.6385287642478943,1.6611844301223755,1.6473075151443481
2.8248907500001224,-0.029915351420640945,-0.5825915336608887,0.7925835251808167
2.8447847500001444,0.6869984865188599,-1.4086532592773438,0.5187672972679138
2.864677749999828,0.36486271023750305,0.9143645763397217,0.3782196342945099
2.88457174999985,0.27838340401649475,2.237053155899048,-0.2646341919898987
2.9044647499995335,0.1827978938817978,1.4293726682662964,-0.4957043528556824
2.9243587499995556,-0.10992059111595154,1.5258123874664307,-0.768565833568573
2.9442517500001486,-0.26555877923965454,1.625922679901123,-1.0671603679656982
2.9641457500001707,-0.21923862397670746,1.680138349533081,-1.1127711534500122
2.984038749999854,0.09506148099899292,1.8813780546188354,-0.6519681811332703
3.0039327499998763,0.655792236328125,2.5408294200897217,-0.045552194118499756
3.0238257499995598,0.9595197439193726,3.2021327018737793,0.36675336956977844
3.043718750000153,1.6140553951263428,3.4242289066314697,1.0447731018066406
3.063612750000175,2.1581907272338867,3.882112741470337,1.8830833435058594
3.0835057499998584,2.6561195850372314,4.249383926391602,2.431222438812256
3.1033997499998804,2.6496076583862305,4.04764461517334,3.4532313346862793
3.123292749999564,2.1140670776367188,3.1454503536224365,4.380936622619629
3.143186749999586,2.098771333694458,1.84712815284729,4.477583408355713
3.163079750000179,1.6031593084335327,1.5700589418411255,4.917519569396973
3.182973750000201,1.4518353939056396,1.0049265623092651,4.899757385253906
3.2028667499998846,1.395344614982605,-0.2013714462518692,4.357515335083008
3.2227607499999067,1.2892404794692993,-0.14585933089256287,3.7782442569732666
3.24265374999959,2.2935292720794678,2.0547125339508057,2.957662582397461
3.2625467500001832,3.6959080696105957,1.0910381078720093,1.9650030136108398
3.2824407500002053,4.215546131134033,0.9270817041397095,1.2036527395248413
3.302333749999889,4.362112522125244,0.9994634389877319,-1.0916939973831177
3.322227749999911,3.9044742584228516,-0.5809683203697205,-3.3824620246887207
3.3421207499995944,3.6979546546936035,-1.268883466720581,-4.811588764190674
3.3620147499996165,4.006060600280762,-0.9531345963478088,-6.101269721984863
3.3819077500002095,3.5080370903015137,0.010897168889641762,-7.158172130584717
3.401800749999893,2.4743309020996094,1.674169898033142,-7.589253902435303
3.421694749999915,1.979589581489563,3.435349702835083,-7.830813407897949
3.4415877499995986,1.2554324865341187,4.154201030731201,-7.451888084411621
3.4614817499996207,0.8404297828674316,2.9309935569763184,-6.471066474914551
3.4813747500002137,0.5141012072563171,-0.1357911080121994,-4.651952266693115
3.5012687500002357,0.11559973657131195,-2.843235492706299,-3.0595638751983643
3.5211617499999193,-0.14018765091896057,-2.028975248336792,-2.3875348567962646
3.541054749999603,-0.3848653733730316,-0.6907306909561157,-2.3348441123962402
3.560948749999625,-2.723454713821411,-3.029278516769409,1.0540122985839844
3.580841750000218,3.3313100337982178,1.2391899824142456,4.7325263023376465
3.60073575000024,0.8481676578521729,-0.9148744940757751,-0.4560232162475586
3.6206287499999235,-0.43834686279296875,1.8174716234207153,3.86061429977417
3.6405227499999455,1.1852121353149414,-1.0429959297180176,-0.022067677229642868
3.660415749999629,0.07298600673675537,2.6704559326171875,1.0451184511184692
3.680308750000222,0.5723512172698975,1.0839608907699585,0.17956028878688812
3.700202750000244,-0.19326013326644897,1.197180151939392,-0.09627842158079147
3.7200957499999276,-0.5279529094696045,0.9665164947509766,-0.7385922074317932
3.7399897499999497,-0.8557944297790527,0.7312355637550354,-1.0868979692459106
3.7598827499996332,-1.0687850713729858,0.41347283124923706,-1.4086742401123047
3.7797767499996553,-0.7368850708007812,-0.0363212525844574,-0.5649795532226562
3.7996697500002483,-0.26319611072540283,0.9378337860107422,-0.4468361437320709
3.819562749999932,0.15126773715019226,2.0905282497406006,0.34953510761260986
3.839456749999954,0.2962186932563782,0.609865665435791,2.633960247039795
3.8593497499996374,1.0502640008926392,0.3806038498878479,5.5354766845703125
3.8792437499996595,2.2800962924957275,0.9003482460975647,7.012621879577637
3.8991367500002525,2.3704581260681152,1.1278765201568604,6.871899127960205
3.919029749999936,1.1542232036590576,1.3594598770141602,6.7465739250183105
3.938923749999958,1.050766944885254,2.7462193965911865,6.014169692993164
3.9588167499996416,1.238568902015686,3.554943561553955,5.33595085144043
3.9787107499996637,1.169946312904358,2.045316219329834,3.1579067707061768
3.9986037500002567,0.9097902178764343,0.6394725441932678,0.6850396394729614
4.01849674999994,1.325945496559143,-0.6135799288749695,-1.9601163864135742
4.038390749999962,1.418305516242981,-2.2341437339782715,-4.039416313171387
4.058283749999646,1.1255983114242554,-2.897692918777466,-5.189049243927002
4.078177749999668,0.5908439755439758,-1.3089319467544556,-5.882622241973877
4.098070750000261,-0.18891283869743347,1.1972336769104004,-6.05765438079834
4.117963749999944,0.34326186776161194,2.8548715114593506,-5.840724945068359
4.1378577499999665,0.7934687733650208,0.12534520030021667,-5.075572967529297
4.15775074999965,0.36616313457489014,-2.734989643096924,-3.7129933834075928
4.177644749999672,-0.15043644607067108,-2.663987159729004,-3.8708643913269043
4.197537750000265,2.8059544563293457,-0.06500677019357681,-1.0613747835159302
4.217430749999949,0.11396632343530655,4.344207763671875,4.1957197189331055
4.237324749999971,1.1113169193267822,-3.767799139022827,-0.36194631457328796
4.257217749999654,0.3249472379684448,0.5055987238883972,2.2793493270874023
4.277111749999676,-0.6327205300331116,1.4433388710021973,-1.2308745384216309
4.297004750000269,-0.3272113502025604,0.5607030987739563,0.10215871781110764
4.316897749999953,-0.700056254863739,-0.7816381454467773,-0.06500624865293503
4.336791749999975,-1.1468164920806885,0.1112264096736908,-1.1774433851242065
4.356684749999658,-1.225346565246582,-0.007060905918478966,-1.339635968208313
4.37657874999968,-1.383203387260437,-0.7478082776069641,-1.4279509782791138
4.3964717500002735,-0.8647602200508118,-0.808245837688446,-1.0044854879379272
4.416364749999957,-0.4730706810951233,0.3713061511516571,-0.864686906337738
4.436258749999979,-0.033632561564445496,1.7157118320465088,-0.14036870002746582
4.456151749999663,0.10829927027225494,1.1668184995651245,1.2044979333877563
4.476045749999685,0.25667518377304077,-0.4129909873008728,4.032944679260254
4.495938750000278,0.846342921257019,-1.74358332157135,6.017660140991211
4.515831749999961,1.9464777708053589,-0.7885705828666687,6.4944562911987305
4.535725749999983,1.8627212047576904,0.6249589920043945,6.5672926902771
4.555618749999667,0.891920804977417,2.5882620811462402,5.662120342254639
4.57551175000026,0.6838597059249878,3.364475965499878,5.442461967468262
4.595405750000282,0.5714125037193298,2.449512481689453,4.814005374908447
4.615298749999965,0.3970492482185364,1.2964619398117065,3.180866003036499
4.635192749999987,0.6436088681221008,0.6347914338111877,0.9121074676513672
4.655085749999671,0.8043665289878845,-0.15566590428352356,-1.5436376333236694
4.674978750000264,0.8494683504104614,-1.3422719240188599,-3.2583329677581787
4.694872750000286,0.8632967472076416,-2.224097490310669,-4.018254280090332
4.71476574999997,0.7695959210395813,-1.841247320175171,-4.454469680786133
4.734658749999653,0.4104602336883545,-0.23420612514019012,-4.603137016296387
4.754552749999675,0.48230451345443726,2.1346046924591064,-4.802340030670166
4.774445750000268,0.7644075155258179,3.6610262393951416,-4.658138275146484
4.794338749999952,0.6687254905700684,2.6289515495300293,-4.030261516571045
4.814232749999974,0.5279321670532227,-0.23199550807476044,-3.5232043266296387
4.834125749999657,1.2144681215286255,-3.8757708072662354,-3.613802671432495
4.854019749999679,-1.884371280670166,1.6856248378753662,2.7125513553619385
4.873912750000272,0.9806585907936096,-8.099493026733398,-0.725507378578186
4.893805749999956,0.6524733901023865,3.3159003257751465,2.0593743324279785
4.913699749999978,0.5581979155540466,2.442612648010254,1.4704524278640747
4.9335927499996615,0.13237284123897552,1.0773192644119263,-0.484093576669693
4.9534857500002545,-0.24174894392490387,-1.2636452913284302,0.017273271456360817
4.9733797500002765,-0.05503544211387634,0.5265925526618958,-0.042731523513793945
4.99327274999996,-0.24151329696178436,0.9967718124389648,-0.5601902604103088
5.013165749999644,-0.7541453838348389,0.22951467335224152,-0.9637085199356079
5.033059749999666,-1.0042344331741333,0.10080156475305557,-1.1821751594543457
5.052952750000259,-1.1440844535827637,0.10929694771766663,-1.4810097217559814
5.072846750000281,-1.211929440498352,-0.27647915482521057,-1.3189603090286255
5.092739749999964,-0.6815406680107117,-0.28593605756759644,-0.9219193458557129
5.112632749999648,-0.42912203073501587,0.5814894437789917,-0.7890353798866272
5.13252674999967,-0.5122723579406738,0.8018345832824707,-0.4298553764820099
5.152419750000263,-0.6582382917404175,-0.1452692151069641,0.4909089207649231
5.172312749999946,-0.6415051817893982,-1.073870062828064,2.0396249294281006
5.1922067499999685,0.002616308629512787,-0.8934099078178406,3.8098268508911133
5.212099749999652,0.76981520652771,-0.10230980813503265,5.185422420501709
5.231992750000245,1.3461227416992188,0.5431388020515442,5.364398002624512
5.251886750000267,1.3912628889083862,1.6274598836898804,5.566848278045654
5.271779749999951,0.8506016731262207,3.6675400733947754,5.317232131958008
5.291673749999973,0.7976765632629395,3.9979898929595947,4.833271503448486
5.311566749999656,0.8480259776115417,3.2722954750061035,4.538595199584961
5.331459750000249,1.0516575574874878,1.9518811702728271,3.449920415878296
5.351353750000271,1.5421749353408813,0.48788735270500183,1.3089097738265991
5.371246749999955,1.9434409141540527,-1.2739908695220947,-0.7985462546348572
5.391139749999638,2.1817805767059326,-2.5158870220184326,-2.206254005432129
5.41103374999966,2.2208540439605713,-2.345139265060425,-3.4222311973571777
5.430926750000253,1.9138613939285278,-1.3081318140029907,-4.108588218688965
5.450819749999937,1.527825117111206,0.1211906224489212,-4.591092586517334
5.470713749999959,1.5042186975479126,1.4463902711868286,-5.102355480194092
5.4906067499996425,2.045012950897217,2.6860759258270264,-5.378141403198242
5.5104997500002355,2.4373228549957275,3.0258328914642334,-5.194004535675049
5.530393750000258,2.3683290481567383,3.098879814147949,-4.6657938957214355
5.550286749999941,2.0869290828704834,2.6306509971618652,-4.33458137512207
5.570179749999625,1.771144986152649,1.9981262683868408,-3.763246774673462
5.590073749999647,1.71835458278656,1.60170316696167,-2.8143160343170166
5.60996675000024,1.593288779258728,1.5579938888549805,-2.088999032974243
5.629859749999923,1.2383240461349487,1.5139929056167603,-1.1489527225494385
5.649753499999861,0.798017144203186,0.6644908785820007,-0.8151738047599792
5.669646499999544,-4.43706750869751,-1.3679248094558716,3.0309336185455322
5.689540499999566,3.317171335220337,-2.182138204574585,4.794114589691162
5.709433500000159,1.6815190315246582,-0.2586055397987366,-0.35460299253463745
5.729326499999843,-0.8615296483039856,1.5430601835250854,3.374429225921631
5.749220499999865,1.7889329195022583,0.19247493147850037,0.8705263733863831
5.769113499999548,1.18014657497406,0.5218615531921387,1.3373209238052368
5.789006500000141,0.8777881860733032,-0.10596911609172821,0.6916773915290833
5.8089005000001634,0.5592246055603027,0.6827707290649414,0.2819179594516754
5.828793499999847,0.30238914489746094,0.9485341906547546,0.07054654508829117
5.8486864999995305,-0.056578829884529114,1.0107016563415527,-0.13558979332447052
5.868580499999553,-0.1190803200006485,1.2514020204544067,-0.43641459941864014
5.888473500000146,-0.10221533477306366,1.7042697668075562,-0.4849953353404999
5.908366499999829,0.2729078233242035,2.3683600425720215,-0.5140062570571899
5.928260499999851,0.4323772192001343,2.4207816123962402,-0.21501438319683075
5.948153499999535,0.841291069984436,2.513636827468872,0.24765858054161072
5.968046500000128,1.3792601823806763,2.899106740951538,0.6714428067207336
5.98794050000015,1.9363619089126587,3.0803062915802,1.4501360654830933
6.007833499999833,2.3307371139526367,3.2453856468200684,2.0257344245910645
6.027726499999517,2.6001250743865967,3.618603467941284,2.6089580059051514
6.047620499999539,2.850482225418091,3.138889789581299,3.175565719604492
6.067513500000132,2.5780160427093506,2.4619126319885254,3.9312744140625
6.087406499999815,2.212599992752075,1.7761948108673096,4.739543914794922
6.1073004999998375,3.1912689208984375,1.1582493782043457,4.467626571655273
6.127193499999521,3.190335750579834,1.8154610395431519,3.859264612197876
6.147086500000114,2.9421050548553467,3.3631298542022705,3.182347059249878
6.166980500000136,3.198848247528076,1.6037888526916504,1.9296647310256958
6.18687349999982,3.296048164367676,-0.2971712350845337,1.0796819925308228
6.206766499999503,3.5633065700531006,-1.2862424850463867,-1.496829628944397
6.226660499999525,2.9818429946899414,-1.8388243913650513,-4.272428512573242
6.246553500000118,2.300554037094116,-1.8145352602005005,-5.457341194152832
6.266446499999802,1.6724225282669067,-0.11208842694759369,-6.153697967529297
6.286340499999824,1.3088515996932983,2.4941611289978027,-6.922171592712402
6.306233499999507,1.376441478729248,5.115865230560303,-7.409876823425293
6.3261265000001,0.9521120190620422,5.74190092086792,-6.912232398986816
6.346020500000122,0.6286584734916687,3.0997402667999268,-5.88137149810791
6.365913499999806,0.5586438179016113,-1.2343961000442505,-4.242432594299316
6.3858064999994895,0.14450925588607788,-3.9286489486694336,-2.656404495239258
6.4057004999995115,-0.1802055388689041,-2.107280731201172,-2.1471073627471924
6.4255935000001045,-0.4710474908351898,-1.7178698778152466,-1.7802467346191406
6.445486499999788,-1.0543173551559448,4.930038928985596,4.92992639541626
6.46538049999981,0.7896394729614258,-7.363659381866455,-0.2568332552909851
6.485273499999494,-0.5268617868423462,0.7378157377243042,2.560642719268799
6.505166500000087,0.6396251320838928,1.2413188219070435,1.1394277811050415
6.52505949999977,0.2823066711425781,1.7265304327011108,0.25270310044288635
6.544953499999792,-0.022512346506118774,0.5505352020263672,0.4580051302909851
6.564846499999476,0.352490097284317,-0.29307323694229126,0.8502193093299866
6.584739500000069,0.18267522752285004,0.9868126511573792,0.25588884949684143
6.604633500000091,-0.4172195494174957,1.216491937637329,-0.6620277166366577
6.624526499999774,-0.6311001181602478,0.35284745693206787,-0.26363104581832886
6.644419541666139,-0.8489110469818115,0.3903267979621887,-0.8805831074714661
6.664313541666161,-0.9612723588943481,0.8532382249832153,-1.0952873229980469
6.684206541666754,-0.7451462745666504,0.4034057557582855,-0.7916372418403625
6.704099541666437,-0.3833540976047516,0.3791290819644928,-0.4872431457042694
6.723993541666459,-0.018879689276218414,1.5336310863494873,-0.14512653648853302
6.743886541666143,0.34429553151130676,1.6858329772949219,1.127649188041687
6.763779541666736,0.7440113425254822,0.850364625453949,3.760270833969116
6.783672541666419,1.6215516328811646,1.4840149879455566,5.5059967041015625
6.8035665416664415,2.374368906021118,1.3946497440338135,5.9075775146484375
6.823459541666125,2.261807680130005,1.5329595804214478,6.015363693237305
6.843352541666718,1.643743872642517,2.765232563018799,5.67431116104126
6.86324654166674,1.6514414548873901,3.4064321517944336,5.195483207702637
6.883139541666424,1.325830340385437,2.8688573837280273,4.661616802215576
6.903032541666107,1.138673186302185,1.0546460151672363,3.311652183532715
6.922926541666129,1.3490954637527466,-0.16406160593032837,0.5893072485923767
6.942819541666722,1.081101655960083,-1.8971531391143799,-1.7617231607437134
6.962712541666406,0.7589893937110901,-3.3036978244781494,-3.214723825454712
6.982605541666089,0.5389844179153442,-3.1463944911956787,-4.4597368240356445
7.002499541666111,0.43454650044441223,-1.3880960941314697,-5.37183952331543
7.022392541666704,0.2564798891544342,1.2020078897476196,-5.686285495758057
7.042285541666388,0.34733670949935913,3.3186588287353516,-5.3889570236206055
7.06217954166641,0.6121153235435486,3.04461932182312,-4.954774856567383
7.0820725416660935,0.6361085176467896,-0.3993387222290039,-3.943469762802124
7.1019655416666865,0.436777800321579,-2.885679006576538,-3.0544183254241943
7.12185854166637,-0.4373190701007843,-3.4655938148498535,-2.7919721603393555
7.141752541666392,-0.231416717171669,-3.510286569595337,-2.6893184185028076
7.161645541666076,-3.324087142944336,3.583686590194702,1.9006552696228027
7.181538541666669,2.4239182472229004,-4.933440685272217,1.0191959142684937
7.201432541666691,0.25516653060913086,3.4545750617980957,1.9616373777389526
7.221325541666374,-0.5632573366165161,1.321443796157837,-1.1947556734085083
7.241218541666058,-0.22064615786075592,0.7442886829376221,-0.13338761031627655
7.261111541666651,0.09027368575334549,-0.4486478865146637,0.5777419805526733
7.281005541666673,-0.8022931218147278,0.7890228629112244,-1.0226911306381226
7.300898541666356,-1.0590518712997437,0.12379218637943268,-0.8866807222366333
7.320791541666949,-1.2784557342529297,-0.5932881832122803,-1.0836238861083984
7.340685541666062,-1.4771766662597656,-0.4956468641757965,-1.2700281143188477
7.360578541666655,-0.9122777581214905,-1.0897458791732788,-0.5779804587364197
7.3804715416663385,-0.5981810092926025,-0.3155033588409424,-0.4939732253551483
7.4003645416669315,-0.22765272855758667,0.5128722190856934,0.09569424390792847
7.4202585416669535,-0.12796035408973694,-0.5520681738853455,1.9085928201675415
7.440151541666637,-0.14437130093574524,-2.5428333282470703,5.0949225425720215
7.460044541666321,0.9999452829360962,-2.4238390922546387,6.479070663452148
7.479938541666343,2.2883048057556152,-0.9419864416122437,6.519536018371582
7.499831541666936,1.7130541801452637,2.101229429244995,6.5814666748046875
7.519724541666619,1.1561732292175293,3.9579269886016846,5.56746244430542
7.539617541666303,0.8972866535186768,3.030038833618164,5.167996406555176
7.559511541666325,0.7220005989074707,1.5551698207855225,3.8813703060150146
7.579404541666918,1.3276290893554688,0.2804855704307556,1.324202537536621
7.599297541666601,1.6108014583587646,-0.34389007091522217,-1.2670551538467407
7.619190541666285,1.4818673133850098,-1.1816434860229492,-3.2317886352539062
7.639084666666349,1.3199549913406372,-1.7670072317123413,-4.8110480308532715
7.658977666666942,1.1233423948287964,-0.7455751299858093,-5.564642906188965
7.678870666666626,0.828895628452301,1.0674760341644287,-6.008369445800781
7.698764666666648,0.838263750076294,2.2668368816375732,-5.782256603240967
7.718657666666331,0.8759735226631165,1.4268910884857178,-4.834329128265381
7.738550666666924,0.6113756895065308,-0.25232580304145813,-4.213122367858887
7.758443666666608,0.3522297441959381,-2.2689766883850098,-4.4751362800598145
7.77833766666663,2.8073387145996094,1.590751051902771,-0.49128779768943787
7.7982306666663135,-1.0709774494171143,0.9730554223060608,0.3189225494861603
7.8181236666669065,0.018984057009220123,-0.479478657245636,-0.10240726172924042
7.83801666666659,1.2391656637191772,-0.08229899406433105,1.2594770193099976
7.857910666666612,-1.0267139673233032,1.6995667219161987,-1.9931377172470093
7.877803666666296,-0.5428999066352844,0.22270213067531586,-0.9720451831817627
7.897696666666889,-0.5184100866317749,0.6763362884521484,-1.137944221496582
7.917590666666911,-0.9951828718185425,0.9776408672332764,-1.889039158821106
7.937483666666594,-1.0002014636993408,0.3123393654823303,-1.4436509609222412
7.957376666666278,-0.5658907294273376,0.30344879627227783,-1.3612840175628662
7.977269666666871,-0.13699056208133698,1.5791255235671997,-1.379102349281311
7.997163666666893,-0.16280144453048706,2.1375958919525146,-1.0090609788894653
8.017056666666576,-0.4118427634239197,0.07067236304283142,-0.18507815897464752
8.03694966666626,-0.4647073745727539,-2.1026036739349365,1.5222073793411255
8.056842666666853,0.03616345673799515,-2.0973620414733887,3.6832947731018066
8.076736666666875,0.7813144326210022,-0.46577754616737366,5.330203056335449
8.096629666666558,1.3937392234802246,1.9365473985671997,5.339317798614502
8.116522666666242,1.2156537771224976,1.7289987802505493,5.830116271972656
8.136415666666835,1.218936800956726,1.7425655126571655,5.374115943908691
8.156309666666857,0.9683825969696045,3.266618251800537,5.486059188842773
8.17620266666654,0.877061128616333,3.79219388961792,4.816864967346191
8.196095666666224,0.5661353468894958,3.6818125247955322,4.389533996582031
8.215988666666817,0.759348452091217,2.6847457885742188,3.5669445991516113
8.23588266666684,1.3405264616012573,0.8805103302001953,1.7563960552215576
8.255775666666523,1.978967547416687,-0.7715194821357727,-0.03530551493167877
8.275668666666206,2.626896619796753,-1.6661384105682373,-1.7119486331939697
8.2955616666668,2.8732845783233643,-1.2857980728149414,-3.2708053588867188
8.315455666666821,2.718210220336914,0.23033954203128815,-4.4826436042785645
8.335348666666505,2.309211492538452,2.2478256225585938,-5.190845489501953
8.355241666666188,2.025953769683838,3.7885499000549316,-5.598741054534912
8.375134666666781,2.027588129043579,4.2959747314453125,-5.797094345092773
8.395028666666803,2.2842588424682617,3.7678370475769043,-5.722559928894043
8.414921666666487,2.6211752891540527,2.4049408435821533,-5.230903148651123
8.43481466666617,2.650411605834961,1.0408297777175903,-4.746059417724609
8.454707666666764,2.1825947761535645,1.5663788318634033,-4.425800800323486
8.474601666666786,1.81330144405365,3.4961674213409424,-3.6571884155273438
8.49449466666647,1.9095503091812134,4.625982761383057,-2.4687230587005615
8.514387666666153,1.722918152809143,4.106510639190674,-1.286756992340088
8.534280666666746,1.1740119457244873,2.4122955799102783,-0.511605978012085
8.554174666666768,0.36738961935043335,1.1612619161605835,-0.46358442306518555
8.574067666666451,-4.980111122131348,-4.5757060050964355,0.03832848370075226
8.593960666666135,4.486459255218506,-3.5809502601623535,6.044520854949951
8.613854666666157,1.6514041423797607,0.685603141784668,0.5733862519264221
8.63374766666675,-0.9626753330230713,4.0265421867370605,1.235306978225708
8.653640874999837,-0.2829039394855499,1.2489386796951294,1.782293438911438
8.67353387499952,0.8533151745796204,0.6049188375473022,1.3236948251724243
8.693426875000114,0.4632282853126526,0.673326849937439,1.1652815341949463
8.713320875000136,0.33626827597618103,-0.97789466381073,0.5320571660995483
8.73321387499982,0.08314245939254761,0.2927733063697815,0.4949053227901459
8.753106874999503,0.050231046974658966,1.6588119268417358,0.29077211022377014
8.772999875000096,-0.12011385709047318,1.1287035942077637,0.0870068222284317
8.792893875000118,-0.28508153557777405,0.6076453328132629,0.03680108115077019
8.812786874999802,-0.40534770488739014,1.1260113716125488,0.014377553947269917
8.832679874999485,-0.5400600433349609,1.996597409248352,-0.17201514542102814
8.852572875000078,-0.5030847191810608,2.064784526824951,-0.18098366260528564
8.8724668750001,-0.5083710551261902,1.568057656288147,0.009320259094238281
8.892359874999784,-0.37619665265083313,1.3358451128005981,0.19254471361637115
8.912252874999467,-0.20774924755096436,1.4716306924819946,0.5221021771430969
8.93214587500006,0.19553948938846588,1.5751579999923706,0.9425833821296692
8.952039875000082,0.6340864300727844,1.8003571033477783,1.4211264848709106
8.971932874999766,1.044387698173523,2.208632469177246,1.9176127910614014
8.99182587499945,1.4854289293289185,2.4288032054901123,2.552802562713623
9.011718875000042,1.538138508796692,2.791194200515747,3.4271085262298584
9.031612875000064,1.757349967956543,2.761183261871338,3.472306489944458
9.051505874999748,1.7936441898345947,3.2046008110046387,3.492985963821411
9.071398874999431,1.6872444152832031,3.7536447048187256,4.0366530418396
9.091291875000024,1.0232888460159302,3.3130757808685303,4.682186126708984
9.111184874999708,1.4948753118515015,1.2570991516113281,5.002188682556152
9.13107887499973,2.8344309329986572,-0.34001755714416504,3.9505138397216797
9.150971874999414,2.8931808471679688,-0.3473033010959625,2.466982126235962
9.170864875000007,2.8461954593658447,-0.16657565534114838,0.4391271770000458
9.19075787499969,2.4794957637786865,-0.35804927349090576,-1.1720776557922363
9.210651874999712,2.51446533203125,-1.1844277381896973,-2.7719228267669678
9.230544874999396,2.3599255084991455,-1.6313761472702026,-4.323062419891357
9.250437874999989,1.6932902336120605,-1.2617636919021606,-5.434153079986572
9.270330874999672,1.1260361671447754,-0.013962607830762863,-6.077695369720459
9.290223875000265,0.6235330700874329,0.9628652334213257,-6.026365756988525
9.310117875000287,0.5135079622268677,1.1260641813278198,-5.572967529296875
9.33001087499997,0.6307511329650879,0.4044966399669647,-5.016952037811279
9.349903874999654,0.4809965193271637,-0.6447500586509705,-4.237180709838867
9.369796875000247,0.231977179646492,-1.3110485076904297,-3.658438205718994
9.38969087500027,-0.12440362572669983,-1.461725115776062,-3.791334390640259
9.409583874999953,-1.393256425857544,-1.6980750560760498,-4.709959030151367
9.429476874999636,-2.795039415359497,-1.9237089157104492,5.289760589599609
9.44936987500023,3.2211594581604004,1.9589619636535645,4.8140411376953125
9.469263875000252,0.8586985468864441,2.2985761165618896,-0.8517852425575256
9.489156874999935,-1.453060269355774,-1.7252205610275269,1.9051167964935303
9.509049874999619,0.9144634008407593,-0.633732259273529,1.441979169845581
9.528942875000212,0.9609148502349854,1.9675637483596802,1.1451570987701416
9.548835874999895,0.37936943769454956,1.080940842628479,0.30890777707099915
9.568729874999917,0.08738643676042557,0.5663477778434753,0.5079411268234253
9.5886228749996,-0.1625264436006546,1.7321830987930298,-0.22960825264453888
9.608515875000194,-0.6125382781028748,2.507223606109619,-0.9215731620788574
9.628408874999877,-1.0397800207138062,0.9657496213912964,-0.9416865110397339
9.648302791666538,-1.1254950761795044,0.2424285113811493,-1.2921900749206543
9.668195791666221,-0.7909247875213623,1.2795418500900269,-1.578100562095642
9.688088791666814,-0.11137589067220688,2.1697826385498047,-0.9973517656326294
9.707981791666498,0.09767213463783264,2.7975704669952393,-0.7877460718154907
9.727874791666181,-0.134038046002388,2.3377768993377686,-0.12237825244665146
9.747768791666203,0.22958077490329742,0.9080842733383179,1.131279706954956
9.767661791666796,1.0378499031066895,1.2430732250213623,3.487269639968872
9.78755479166648,1.6661146879196167,2.4062323570251465,5.349884986877441
9.807447791666164,2.0488250255584717,2.3219847679138184,6.393197536468506
9.827340791666757,1.7253328561782837,1.050580620765686,6.354099750518799
9.847234791666779,0.7058224081993103,0.41065844893455505,6.367300510406494
9.867127791666462,0.5796509385108948,1.1036040782928467,5.907549858093262
9.887020791666146,0.6646578907966614,0.9530425071716309,5.534663677215576
9.906913791666739,0.17303092777729034,0.16499824821949005,5.068157196044922
9.92680779166676,0.11109979450702667,-0.6180976629257202,3.2585790157318115
9.946700791666444,0.2560732066631317,-0.6001081466674805,0.7765782475471497
9.966593791666128,0.030316714197397232,-1.0092095136642456,-1.2498224973678589
9.98648679166672,-0.17910102009773254,-1.5621041059494019,-2.663835048675537
10.006379791666404,-0.1365511417388916,-1.6251111030578613,-3.951855182647705
10.026273791666426,-0.3981304466724396,-0.9727563261985779,-4.764100551605225
10.04616679166611,-0.38894790410995483,0.31443265080451965,-5.307258129119873
10.066059791666703,-0.11761870980262756,1.6710163354873657,-5.52212381362915
10.085952791666386,0.21402853727340698,2.3303749561309814,-5.4503326416015625
10.10584579166607,0.46305304765701294,0.9043806195259094,-4.861965179443359
10.125739791666092,0.21789352595806122,-1.4187867641448975,-4.038214206695557
10.145632791666685,-0.11660680919885635,-2.285165548324585,-3.569025993347168
10.165525791666369,0.7259427309036255,-4.750387668609619,-2.5060184001922607
10.185418791666052,0.2005084604024887,5.6016740798950195,5.465926170349121
10.205312791666074,1.4454962015151978,-5.258901119232178,-1.1815035343170166
10.225205791666667,-0.36746081709861755,3.0343663692474365,1.346147060394287
10.24509879166635,0.5681726336479187,0.15460751950740814,0.6383744478225708
10.264991791666944,-0.17327110469341278,0.514295756816864,0.006399349309504032
10.284884791666627,-0.10787162184715271,-0.46034011244773865,0.5677734017372131
10.30477879166665,-0.31550130248069763,0.11486399918794632,0.2825932502746582
10.324671791666333,-0.6236792802810669,0.4024354815483093,-0.3363378643989563
10.344564791666926,-0.9286648631095886,-0.0011750672711059451,-0.4374473989009857
10.36445779166661,-1.2022291421890259,-0.32946664094924927,-0.57928866147995
10.384350791666293,-1.358375906944275,-0.34365251660346985,-0.9180488586425781
10.404244791666315,-1.2394425868988037,-0.6942445635795593,-0.69804447889328
10.424137791666908,-0.7174164652824402,-0.6584765911102295,-0.2168818861246109
10.444030791666592,-0.5865438580513,-0.3128455877304077,-0.15839442610740662
10.463923791666275,-0.4511127173900604,-0.08461179584264755,0.30754977464675903
10.483816791666868,-0.4088035821914673,-0.05080509930849075,1.54830801486969
10.50371079166689,0.022782418876886368,-0.748484194278717,3.2493929862976074
10.523603791666574,0.9971009492874146,-0.7755411863327026,5.203260898590088
10.543496791666257,2.0278549194335938,0.7701563835144043,5.813307762145996
10.56338979166685,1.956311821937561,2.4769041538238525,5.635341644287109
10.583283791666872,1.0005849599838257,4.188017845153809,5.185921669006348
10.603176791666556,0.7709188461303711,3.3370344638824463,5.260276794433594
10.62306979166624,0.7672629356384277,1.6882363557815552,4.622630596160889
10.642962500000067,0.8925479054450989,0.7840352058410645,3.2939398288726807
10.66285549999975,1.2706403732299805,-0.06050693988800049,1.1006362438201904
10.682748499999434,1.4764288663864136,-1.5613707304000854,-1.1067315340042114
10.702642499999456,1.5654715299606323,-3.0358357429504395,-2.6280500888824463
10.722535500000049,1.602211833000183,-2.966153621673584,-3.917670965194702
10.742428499999733,1.1569122076034546,-2.071593761444092,-4.821767807006836
10.762321499999416,0.8162440657615662,-0.42291080951690674,-5.2622809410095215
10.78221450000001,0.7486751079559326,1.036340355873108,-5.571135997772217
10.802108500000031,0.7853595614433289,1.204348087310791,-5.27889347076416
10.822001499999715,1.0153357982635498,-0.5336962342262268,-4.6378397941589355
10.841894499999398,0.2828063368797302,-1.6436944007873535,-4.1837239265441895
10.861787499999991,0.03546379879117012,-2.411245584487915,-4.633152008056641
10.881680499999675,1.4832837581634521,7.5441107749938965,0.2610313892364502
10.901574499999697,1.411341905593872,0.4794967472553253,1.9472687244415283
10.92146749999938,-0.29400143027305603,-0.4774186313152313,-1.220703125
10.941360499999973,0.874505341053009,-1.8071339130401611,1.9924614429473877
10.961253499999657,0.39191848039627075,2.5335299968719482,0.545531690120697
10.98114650000025,-0.5899787545204163,0.051539357751607895,-0.188415065407753
11.001040500000272,-0.6167876720428467,-0.10735461115837097,-0.4277494549751282
11.020933499999956,-0.5968382954597473,0.20090295374393463,-0.6349306106567383
11.040826499999639,-0.9088376760482788,0.4517081379890442,-0.854110598564148
11.060719500000232,-1.2697588205337524,0.20391592383384705,-1.353902816772461
11.080613500000254,-1.291784644126892,0.17721889913082123,-1.4435955286026
11.100506499999938,-0.9370673894882202,0.5127602815628052,-1.4181468486785889
11.120399499999621,-0.4003518223762512,1.1791937351226807,-1.2539268732070923
11.140292500000214,-0.06845027208328247,1.9811705350875854,-1.3026251792907715
11.160185499999898,-0.16431745886802673,2.139230251312256,-1.0201102495193481
11.18007949999992,-0.6205424070358276,-0.17740154266357422,0.001948226010426879
11.199972499999603,-0.550658106803894,-2.111107587814331,1.572855830192566
11.219865500000196,0.15967322885990143,-1.3166640996932983,3.3906900882720947
11.23975849999988,1.0140659809112549,1.4488475322723389,4.637460231781006
11.259651499999563,0.9466648101806641,2.6759183406829834,4.815196990966797
11.279544500000156,1.2968074083328247,1.7396745681762695,5.249832630157471
11.299438500000178,1.0987398624420166,1.6500911712646484,5.514390468597412
11.319331499999862,0.46742716431617737,2.3830268383026123,5.523615837097168
11.339224499999546,0.5464427471160889,3.1092278957366943,5.213496208190918
11.359117500000139,0.6511955261230469,2.7772936820983887,5.096737384796143
11.379010499999822,0.7717136740684509,1.2802250385284424,4.222955226898193
11.398904499999844,1.1419620513916016,0.1401883363723755,2.8979334831237793
11.418797499999528,1.7542725801467896,-0.02535020187497139,1.3938754796981812
11.43869050000012,2.058854818344116,0.23924027383327484,-0.33979207277297974
11.458583499999804,2.1520142555236816,0.5484850406646729,-2.233762502670288
11.478476499999488,2.505091428756714,0.837929368019104,-3.86680269241333
11.49837049999951,2.7402472496032715,1.1606134176254272,-5.054625034332275
11.518263500000103,2.75089168548584,1.2172257900238037,-5.829202175140381
11.538156499999786,2.578035831451416,1.1307756900787354,-6.1133503913879395
11.55804949999947,2.2708218097686768,1.0156067609786987,-6.1607866287231445
11.577942500000063,2.0849053859710693,1.257540225982666,-6.172341823577881
11.597835499999746,1.945666790008545,1.63335382938385,-6.038971900939941
11.617729499999768,1.854093313217163,2.0816469192504883,-5.699010848999023
11.637622499999452,1.673850655555725,2.6196765899658203,-5.403619766235352
11.657515375000003,1.497327208518982,3.4088211059570312,-4.797318458557129
11.677408374999686,1.5630301237106323,3.6128032207489014,-3.7632107734680176
11.69730137500028,1.75188148021698,2.7274153232574463,-2.48675274848938
11.717195374999392,1.3835828304290771,1.9848723411560059,-1.3013241291046143
11.737088374999985,0.7990763187408447,2.2655646800994873,-0.4700299799442291
11.756981374999668,-3.508934736251831,0.9938832521438599,0.6857477426528931
11.776874375000261,2.6830451488494873,-4.192023754119873,4.272796154022217
11.796767374999945,0.40613290667533875,-0.6325069069862366,3.9627816677093506
11.816661374999967,0.4035045802593231,-1.2623077630996704,0.6403232216835022
11.83655437499965,-0.8358511924743652,-0.04781345650553703,2.4833731651306152
11.856447375000243,1.5686265230178833,2.645291805267334,2.654085159301758
11.876340374999927,1.2249094247817993,1.2287288904190063,1.1825573444366455
11.89623337499961,1.0386862754821777,-0.7120340466499329,1.4157627820968628
11.916126375000204,1.3786098957061768,0.28263819217681885,1.1044241189956665
11.936020375000226,1.1538269519805908,2.5745673179626465,0.5004209280014038
11.95591337499991,1.1126961708068848,2.645312547683716,0.0441041924059391
11.975806374999593,1.0933862924575806,2.4617464542388916,0.1306825876235962
11.995699375000186,1.117902398109436,3.7967545986175537,-0.37647876143455505
12.01559237499987,1.4907091856002808,4.029908180236816,-0.3496610224246979
12.035486374999891,1.9086934328079224,4.646363258361816,-0.3962794542312622
12.055379374999575,2.3613498210906982,6.056246280670166,-0.7503482103347778
12.075272375000168,3.06514573097229,7.196434497833252,-0.6630730628967285
12.095165374999851,3.3621339797973633,8.208592414855957,-0.9493103623390198
12.115058374999535,3.089923858642578,8.448113441467285,-1.1684365272521973
12.134951375000128,2.2154762744903564,8.122756004333496,-1.5070551633834839
12.15484537500015,1.0028338432312012,6.636338233947754,-1.742508888244629
12.174738374999833,-0.2021564543247223,4.668828010559082,-1.6971914768218994
12.194631374999517,-1.0900282859802246,2.669661521911621,-1.7339348793029785
12.21452437500011,-1.6312288045883179,1.0885502099990845,-1.5631903409957886
12.234417374999794,-1.6829537153244019,0.33109718561172485,-1.1196292638778687
12.254310374999477,-0.8671439290046692,1.4987846612930298,-0.27658796310424805
12.2742043749995,0.05308068171143532,3.7920238971710205,0.801741361618042
12.294097375000092,0.4339911937713623,3.4610986709594727,1.9807345867156982
12.313990374999776,0.481977641582489,1.3442095518112183,3.0690205097198486
12.33388337499946,0.5466166734695435,-0.03583517298102379,4.329126358032227
12.353776375000052,-0.3335476219654083,-2.1765661239624023,5.210550308227539
12.373670375000074,-0.07289458066225052,-4.53256893157959,5.547641754150391
12.393563374999758,0.9487870335578918,-3.2865805625915527,6.090288162231445
12.413456374999441,0.4985000193119049,-0.6524315476417542,5.271386623382568
12.433349375000034,0.2521634101867676,0.9212602972984314,4.216516971588135
12.453242374999718,0.6800239682197571,1.3576781749725342,3.8473336696624756
12.473135374999401,0.6657899022102356,1.0200899839401245,2.918053388595581
12.493029374999423,0.8345370292663574,-0.07969223707914352,1.1586198806762695
12.512922375000016,0.6920374035835266,-1.082273244857788,-0.516400933265686
12.5328153749997,0.5157842636108398,-2.0207674503326416,-1.8530969619750977
12.552708374999384,0.6170979738235474,-2.6039376258850098,-3.1893012523651123
12.572601374999977,0.40523526072502136,-2.4746975898742676,-3.9984405040740967
12.59249437499966,-0.07254204899072647,-1.5378891229629517,-4.540502071380615
12.612387375000253,-0.3737352788448334,-0.22109152376651764,-4.830854415893555
12.632281375000275,-0.27636629343032837,1.2700772285461426,-4.9182257652282715
12.652174750000086,-0.061690520495176315,2.2323474884033203,-4.915109157562256
12.67206774999977,-0.0316656157374382,2.1022472381591797,-4.455927848815918
12.691960749999453,0.16436365246772766,0.26480159163475037,-3.9363226890563965
12.711853750000046,0.25349849462509155,-1.9460725784301758,-2.929180145263672
12.73174674999973,0.11884062737226486,-2.8360936641693115,-2.154438018798828
12.751640749999751,-0.17151521146297455,-1.800917387008667,-2.3762080669403076
12.771533749999435,-1.4790295362472534,-2.4615068435668945,-3.3940179347991943
12.791426750000028,0.1209840402007103,4.182916641235352,9.597564697265625
12.811319749999711,2.4751548767089844,-5.1362128257751465,-1.68720281124115
12.831212749999395,-0.6138433814048767,2.06825590133667,1.661172866821289
12.851105749999988,-1.8512184619903564,-2.447150707244873,1.7590714693069458
12.87099975000001,1.54243004322052,-0.07750727236270905,1.405699372291565
12.890892749999693,0.4125846028327942,1.2628400325775146,1.448967456817627
12.910785750000286,-0.4876627027988434,0.42018452286720276,0.8664435744285583
12.93067874999997,0.3287660777568817,0.21379606425762177,0.5692846179008484
12.950571749999654,-0.2505630850791931,0.8976739645004272,0.5387783050537109
12.970464750000247,-0.6805983185768127,1.0141769647598267,-0.4811389446258545
12.990358750000269,-0.9927330017089844,0.557158350944519,-0.6509236097335815
13.010251749999952,-1.1986851692199707,-0.03582549840211868,-1.0694698095321655
13.030144749999636,-1.3780829906463623,-0.10064791142940521,-1.6013822555541992
13.050037750000229,-1.4612737894058228,-0.5659569501876831,-1.765100359916687
13.069930749999912,-1.2589465379714966,-1.0964446067810059,-1.1685720682144165
13.089823749999596,-0.8229782581329346,-0.5494107007980347,-0.8380381464958191
13.109717749999618,-0.7758326530456543,-0.2939979135990143,-0.5361908674240112
13.12961075000021,-0.5853560566902161,-1.150742530822754,0.7613762617111206
13.149503749999894,-0.3024395704269409,-2.073748826980591,2.98888897895813
13.169396749999578,-0.1613919883966446,-2.603015661239624,5.082895755767822
13.189289750000171,1.1212393045425415,-1.8611195087432861,6.026608943939209
13.209182749999854,2.0842294692993164,-0.017626654356718063,5.9210968017578125
13.229076749999876,1.9450318813323975,2.5291950702667236,5.79557466506958
13.24896974999956,1.5021294355392456,4.923544883728027,5.42007303237915
13.268862750000153,1.1381384134292603,4.416101455688477,5.002697944641113
13.288755749999837,0.7993346452713013,3.06311297416687,4.816769123077393
13.30864874999952,1.2582063674926758,0.48668333888053894,3.229329824447632
13.328541750000113,1.819046139717102,-1.8489865064620972,0.42653903365135193
13.348434749999797,2.1582605838775635,-3.602452278137207,-1.2445694208145142
13.368328749999819,2.137047529220581,-3.3401122093200684,-2.6139512062072754
13.388221749999502,1.5501888990402222,-1.3212487697601318,-4.225317478179932
13.408114750000095,1.20866858959198,1.1996686458587646,-5.472395420074463
13.428007749999779,1.0538057088851929,3.622175455093384,-5.936169624328613
13.447900749999462,1.0015314817428589,4.362034797668457,-5.71877908706665
13.467793750000055,1.0255234241485596,2.0172126293182373,-5.1607346534729
13.487686749999739,0.8759953379631042,-2.0682106018066406,-4.425471305847168
13.50758074999976,0.26711297035217285,-4.5558953285217285,-4.222612380981445
13.527473749999444,-0.2359813004732132,-6.416250228881836,-4.870750427246094
13.547366750000037,-2.0738680362701416,9.479691505432129,6.342458248138428
13.567259749999721,3.315969705581665,-1.6267902851104736,-3.3578343391418457
13.587152749999404,-1.224390983581543,3.2585818767547607,0.9006498456001282
13.607045749999997,0.8069753050804138,-1.064825177192688,-0.20335036516189575
13.62693975000002,-0.2472943514585495,-0.11104446649551392,0.354353129863739
13.646832374999576,-0.6652611494064331,0.10759440809488297,-0.5377467274665833
13.66672537500017,-0.7343246936798096,0.0005175404949113727,-0.7352710962295532
13.686618374999853,-0.8498179912567139,0.058415304869413376,-1.1135255098342896
13.706511374999536,-0.8012063503265381,0.32159990072250366,-1.6063629388809204
13.72640437500013,-0.8159375190734863,0.2954331636428833,-1.7021070718765259
13.746297374999813,-0.6796600818634033,-0.16930711269378662,-1.316617488861084
13.766191374999835,-0.22073407471179962,0.3010372221469879,-1.111353874206543
13.786084374999518,-0.27731311321258545,0.731862485408783,-0.7408772706985474
13.805977375000111,-0.3551729619503021,-0.46343037486076355,0.7614139914512634
13.825870374999795,-0.22576484084129333,-2.209477424621582,3.1216306686401367
13.845763374999478,0.5668033361434937,-2.209076166152954,5.302641868591309
13.865656375000071,1.4767897129058838,-0.5808387994766235,5.264082431793213
13.885550375000093,2.138234853744507,1.3842662572860718,6.08418607711792
13.905443374999777,1.627166509628296,2.8277804851531982,5.710439205169678
13.92533637499946,0.8361354470252991,3.5744998455047607,4.916963577270508
13.945229375000054,0.3866739571094513,3.4902145862579346,4.893454074859619
13.965122374999737,-0.056276679039001465,2.416790008544922,4.28046989440918
13.98501537499942,-0.1464376300573349,0.722525417804718,3.1855483055114746
14.004908375000014,0.5224694609642029,-0.4174029529094696,0.8809897303581238
14.024802375000036,0.9243455529212952,-1.8202093839645386,-1.1619189977645874
14.04469537499972,0.8749847412109375,-2.3904459476470947,-2.406615734100342
14.064588374999403,0.6629630327224731,-1.6468675136566162,-3.43693470954895
14.084481374999996,0.36209142208099365,-0.5500524044036865,-4.218323230743408
14.10437437499968,0.23123791813850403,0.42102327942848206,-4.637277126312256
14.124267375000272,0.561912477016449,1.4573994874954224,-4.933939456939697
14.144160374999956,1.1243215799331665,2.338452100753784,-5.064981937408447
14.164054374999978,1.5176827907562256,2.509420156478882,-4.910721302032471
14.183947374999661,1.3740497827529907,1.674458622932434,-4.674088001251221
14.203840375000254,0.8137168884277344,0.34387463331222534,-4.624310493469238
14.223733374999938,0.45834752917289734,-2.1421101093292236,-5.12592887878418
14.243626374999621,-4.2280731201171875,6.82239294052124,6.195242881774902
14.263519375000214,2.8448009490966797,-2.4108283519744873,-0.38441723585128784
14.283412374999898,1.4549328088760376,-1.8464839458465576,0.36785945296287537
14.30330637499992,-0.6710700392723083,1.0085235834121704,1.7652521133422852
14.323199374999604,0.04520360752940178,0.795498788356781,-0.11016836762428284
14.343092375000197,-0.22988782823085785,0.7466498017311096,0.8984605073928833
14.36298537499988,-0.3827765882015228,-0.2736622393131256,0.7249552607536316
14.382878374999564,-0.15083062648773193,-0.596882164478302,0.3864409625530243
14.402771375000157,-0.01118556410074234,-0.26415491104125977,0.3601633310317993
14.42266437499984,-0.3500329554080963,0.3282943665981293,0.18139982223510742
14.442558374999862,-0.2743285298347473,0.44934019446372986,-0.006711285561323166
14.462451374999546,-0.17290030419826508,0.028686095029115677,-0.004215002991259098
14.482344375000139,-0.2665731608867645,-0.20116931200027466,-0.06019561365246773
14.502237374999822,-0.25072285532951355,0.036158524453639984,-0.18777309358119965
14.522130374999506,-0.2781938910484314,0.23008491098880768,-0.1314207762479782
14.542023375000099,-0.30625563859939575,0.015597427263855934,-0.16010478138923645
14.561916374999782,-0.29572856426239014,-0.10025367140769958,-0.15858276188373566
14.581810374999804,-0.3400176763534546,-0.0630687028169632,-0.2095601111650467
14.601703374999488,-0.364662230014801,0.03246024250984192,-0.3155522644519806
14.621596375000081,-0.3001294434070587,0.1989176720380783,-0.35127541422843933
14.641489374999765,-0.30829980969429016,0.29767343401908875,-0.42234736680984497
14.661382749999575,-0.4418042004108429,0.16054102778434753,-0.462753027677536
14.681275750000168,-0.4480026364326477,0.4417576789855957,-0.4901052713394165
14.70116975000019,-0.5345885753631592,0.5914063453674316,-0.6381611824035645
14.721062749999874,-0.5100715160369873,0.6021374464035034,-0.5204651951789856
14.740955749999557,-0.4113902151584625,0.5639376044273376,-0.32424888014793396
14.76084875000015,-0.522506833076477,0.6119354963302612,-0.1834867149591446
14.780741749999834,-0.2257428914308548,0.6910102367401123,-0.03537138178944588
14.800634749999517,-0.12128064781427383,1.1378798484802246,0.0807483047246933
14.82052775000011,-0.22998908162117004,1.1303271055221558,0.37839600443840027
14.840421750000132,-0.3588853180408478,0.1135428249835968,0.8618775010108948
14.860314749999816,-0.4976837933063507,-1.197935938835144,1.6894134283065796
14.8802077499995,-0.27136507630348206,-1.2991544008255005,2.826763391494751
14.900100750000092,0.04510613530874252,-1.104193925857544,3.626776695251465
14.919993749999776,0.3717794716358185,-0.700941801071167,3.4389452934265137
14.93988674999946,0.6601645946502686,0.007515275850892067,3.2540955543518066
14.959779750000052,0.7101995944976807,0.9890934228897095,3.1437039375305176
14.979673750000075,0.4600696563720703,1.6960333585739136,2.787701368331909
14.999566749999758,-0.014590553939342499,1.6489042043685913,2.2993762493133545
15.019459749999442,-0.3932080864906311,1.065506935119629,1.8519309759140015
15.039352750000035,-0.4271223843097687,0.47685569524765015,1.4400906562805176
15.059245749999718,-0.15665771067142487,0.10633252561092377,0.8173416256904602
15.079138749999402,0.03301779180765152,-0.22411668300628662,-0.0008814055472612381
15.099031749999995,0.08855564147233963,-0.5125064849853516,-0.7809808850288391
15.118924749999678,0.1391175240278244,-0.6819882988929749,-1.5075507164001465
15.1388187499997,0.20954543352127075,-0.5730739831924438,-2.1717379093170166
15.158711749999384,0.23887035250663757,-0.19700069725513458,-2.7817482948303223
15.178604749999977,0.21974539756774902,0.2306361347436905,-3.3588149547576904
15.19849774999966,0.12345655262470245,0.5048186779022217,-3.867760181427002
15.218390750000253,-0.029561234638094902,0.5743780732154846,-4.274450302124023
15.238283749999937,-0.13188467919826508,0.3648267090320587,-4.512228488922119
15.25817674999962,-0.30917441844940186,-0.28777188062667847,-4.7013139724731445
15.278070749999642,-0.5251491665840149,-0.8814817667007446,-4.718851089477539
15.297963750000235,-0.5033950805664062,-1.2467479705810547,-4.7989277839660645
15.317856749999919,-0.7050461173057556,-1.241148591041565,-4.300882339477539
15.337749749999602,-0.862936794757843,-0.7020136713981628,-3.525012731552124
15.357642750000196,-0.6292325854301453,-0.38239988684654236,-2.945035219192505
15.377535749999879,-0.7005725502967834,-0.7653462886810303,-1.9490200281143188
15.397428749999563,-1.6051440238952637,-1.7901861667633057,-0.5911897420883179
15.417322749999585,0.9932435154914856,-3.6925010681152344,-1.36121666431427
15.437215750000178,0.6790752410888672,-0.37149083614349365,-0.9303572177886963
15.457108749999861,0.72655189037323,0.274152934551239,0.2120877057313919
15.477001749999545,0.3455653786659241,0.393085777759552,0.1930921971797943
15.496894750000138,0.9218969941139221,-0.020160961896181107,0.14177408814430237
15.516787749999821,0.4663586914539337,1.3093793392181396,0.2669694423675537
15.536680749999505,0.5551713109016418,2.301104784011841,0.40368038415908813
15.556573750000098,0.33144867420196533,0.499026358127594,0.4331861734390259
15.57646775000012,0.2000676542520523,-0.528157114982605,0.5652012825012207
15.596360749999803,0.31231293082237244,0.4222060441970825,0.6507506966590881
15.616253749999487,0.4152393639087677,1.3895102739334106,0.7125481963157654
15.63614675000008,0.32776787877082825,0.6231951117515564,0.8089806437492371
15.656039416666317,0.24223783612251282,-0.18386322259902954,0.8527853488922119
15.67593241666691,0.32703858613967896,0.16328495740890503,0.8449030518531799
15.695825416666594,0.39338773488998413,0.5488612651824951,0.7395892143249512
15.715719416666616,0.40212687849998474,0.5188787579536438,0.6839218735694885
15.7356124166663,0.3689976930618286,0.20314350724220276,0.5621753931045532
15.755505416666892,0.40870165824890137,0.26660850644111633,0.502404510974884
15.775398416666576,0.4560284912586212,0.6045652031898499,0.34338441491127014
15.79529141666626,0.4292042553424835,0.7784749269485474,0.2549327611923218
15.815184416666852,0.38244718313217163,0.6953286528587341,0.15495166182518005
15.835077416666536,0.353394478559494,0.5565090179443359,0.09944968670606613
15.85497041666622,0.31504955887794495,0.6134971976280212,0.03758303448557854
15.874864416666242,0.26292720437049866,0.6332038640975952,-0.013841784559190273
15.894757416666835,0.2118675857782364,0.49994343519210815,-0.06588862091302872
15.914650416666518,0.1870288848876953,0.3760877251625061,-0.11950725317001343
15.934543416666202,0.15257936716079712,0.3769378066062927,-0.1480579674243927
15.954436416666795,0.05275123566389084,0.41313636302948,-0.14440423250198364
15.974329416666478,-0.025033272802829742,0.2312058061361313,-0.1313055455684662
15.994222416666162,-0.0564286969602108,-0.07559101283550262,-0.10335031896829605
16.014115416666755,-0.049607694149017334,0.06445717811584473,-0.03869146481156349
16.034009416666777,-0.04607829824090004,0.15409907698631287,-0.03734489157795906
16.05390241666646,0.004581276327371597,0.09141893684864044,0.00134423584677279
16.073795416666144,0.03754015266895294,0.23266549408435822,0.040442224591970444
16.093688416666737,0.021668849512934685,0.2655978202819824,0.06645532697439194
16.11358141666642,0.03041917085647583,0.16032883524894714,0.0969041958451271
16.133474416666104,0.08037881553173065,0.1762036383152008,0.07168393582105637
16.153367416666697,0.024682480841875076,0.23847174644470215,0.09067510813474655
16.17326041666638,0.03600992262363434,0.19662989675998688,0.07478266954421997
16.193154416666403,0.02639540284872055,0.03007197193801403,0.0614197738468647
16.213047416666086,0.0216273944824934,-0.008580273017287254,0.05644861236214638
16.23294041666668,-0.020792650058865547,-0.022109253332018852,0.04340162128210068
16.252833416666363,-0.0447394922375679,-0.05414217710494995,0.053200654685497284
16.272726416666046,-0.025068078190088272,-0.15549612045288086,0.027030792087316513
16.29261941666664,-0.011261556297540665,-0.1961134523153305,0.005138268228620291
16.312512416666323,-0.04319525510072708,-0.04410714656114578,0.010698681697249413
16.332405416666916,-0.06416811794042587,-0.05473874509334564,-0.007036123424768448
16.3522984166666,-0.042790547013282776,-0.12472094595432281,-0.009344919584691525
16.37219241666662,-0.044478923082351685,-0.1298706829547882,-0.00811313558369875
16.392085416666305,-0.05425059422850609,-0.15228039026260376,-0.017445119097828865
16.411978416666898,0.016230441629886627,-0.10382983088493347,0.0021853926591575146
16.43187141666658,0.0074216993525624275,0.025405431166291237,0.0042846230790019035
16.451764416666265,0.010329801589250565,0.023533741012215614,0.014907369390130043
16.471657416666858,0.03632505610585213,-0.01229885034263134,0.022359635680913925
16.49155041666654,0.019228510558605194,0.01789519190788269,0.021152261644601822
16.511443416666225,0.018626602366566658,0.02128182351589203,0.03015194460749626
16.531337416666247,0.04091930016875267,0.03738125041127205,0.02251174859702587
16.55123041666684,0.014706544578075409,0.07699895650148392,0.006706705316901207
16.571123416666524,0.01406063698232174,0.07314145565032959,-0.018214209005236626
16.591016416666207,0.00632582139223814,0.0789276659488678,-0.02680809050798416
16.6109094166668,0.00536293676123023,0.0934755876660347,-0.04794683679938316
16.630802416666484,0.006090756505727768,0.09856918454170227,-0.05432162433862686
16.650695874999656,0.02853233739733696,0.10699120163917542,-0.05488271266222
16.67058887500025,0.024277597665786743,0.09748083353042603,-0.06094207614660263
16.690481874999932,0.013773813843727112,0.09965775161981583,-0.04815612733364105
16.710375874999954,0.0203733928501606,0.08834464848041534,-0.040299270302057266
16.730268874999638,0.02095652185380459,0.07916653156280518,-0.03829984366893768
16.75016187500023,0.018843870609998703,0.08357543498277664,-0.03630406782031059
16.770054874999914,0.022113271057605743,0.11455079168081284,-0.03668808937072754
16.789947874999598,0.03357086330652237,0.07621276378631592,-0.015141639858484268
16.80984087500019,0.04212304577231407,0.023459307849407196,-0.026882166042923927
16.829733874999874,0.028823869302868843,0.05575767159461975,-0.01998095028102398
16.849626874999558,0.016763269901275635,0.07842683792114258,-0.017937593162059784
16.86951987500015,0.022603917866945267,0.03160602226853371,-0.031055917963385582
16.889413875000173,0.011617185547947884,0.009479123167693615,-0.039569031447172165
16.909306874999857,0.012515434995293617,0.06005670130252838,-0.04558078944683075
16.92919987499954,0.007593832444399595,0.07975107431411743,-0.04350108653306961
16.949092875000133,0.014291173778474331,0.02064877189695835,-0.05000581219792366
16.968985874999817,0.008498577401041985,0.018319960683584213,-0.04945344850420952
16.9888788749995,0.00015964265912771225,0.05714579299092293,-0.039862364530563354
17.008771875000093,-0.0052043357864022255,0.06532243639230728,-0.0267849899828434
17.028664874999777,-0.03355924040079117,-0.031047197058796883,-0.020661044865846634
17.04855787499946,-0.1394905149936676,-0.3146619200706482,0.05078454688191414
17.068451874999482,-0.10438608378171921,-0.44711893796920776,-0.019687267020344734
17.088344875000075,-0.06689231097698212,-0.2664710581302643,-0.02139289490878582
17.10823787499976,-0.06066178157925606,0.06086870655417442,-0.03166898712515831
17.128130874999442,-0.059471338987350464,0.19382323324680328,-0.07275296747684479
17.148023875000035,-0.053557947278022766,0.1782284379005432,-0.05514458566904068
17.16791687499972,-0.0978168398141861,0.047438494861125946,0.02318700961768627
17.187809874999402,0.004621108528226614,0.020906539633870125,-0.007643763907253742
17.207702874999995,0.0681060403585434,0.13404949009418488,-0.001451052026823163
17.22759587499968,0.1178293377161026,0.31444552540779114,-0.01917095109820366
17.2474898749997,0.14620797336101532,0.31344687938690186,-0.06066928058862686
17.267382874999385,0.18514575064182281,0.20804284512996674,0.013150942511856556
17.287275874999978,0.008228395134210587,-0.028722422197461128,-0.0675114169716835
17.30716887499966,-0.04003608226776123,-0.053018391132354736,-0.017765061929821968
17.327061875000254,0.010652301833033562,0.04050552099943161,-0.03916900232434273
17.346954874999938,-0.006193523760885,0.061491500586271286,-0.03691304102540016
17.36684787499962,-0.005088776350021362,0.07704464346170425,-0.015931786969304085
17.386740875000214,-0.008757002651691437,0.002497652545571327,-0.010444187559187412
17.406633874999898,-0.005071270279586315,-0.03393536061048508,-0.005840144120156765
17.42652787499992,-0.0015290570445358753,-0.01534976251423359,-0.004574259277433157
17.446420874999603,-0.001043017953634262,0.029144417494535446,-0.0005340875359252095
17.466313875000196,0.0028943149372935295,0.029228651896119118,-0.012704302556812763
17.48620687499988,1.8112827092409134e-05,-0.009745164774358273,-0.0005164557369425893
17.506099874999563,0.0004432923160493374,-0.027903955429792404,-0.009679915383458138
17.525992875000156,-0.007554991170763969,-0.01722755655646324,-0.009575942531228065
17.54588587499984,-0.0004639425314962864,-0.0025366833433508873,-0.014509815722703934
17.565778874999523,0.002322872169315815,0.006815709639340639,-0.015024309046566486
17.585671875000116,-0.003100229427218437,-0.018677201122045517,-0.0007927186088636518
17.6055648749998,0.001136998413130641,-0.026383882388472557,-0.0060775503516197205
17.625458874999822,-0.0016803918406367302,-0.018064606934785843,0.010066131129860878
17.645351874999506,0.0017294720746576786,-0.02094966731965542,0.00590245146304369
17.665244166666525,0.008402718231081963,-0.027162954211235046,-0.0012556008296087384
17.68513716666621,0.003208838403224945,-0.03215008229017258,0.01029509212821722
17.705030166666802,0.006708692759275436,-0.010108387097716331,0.004150772467255592
17.724923166666485,0.0035400039050728083,0.021246865391731262,-0.004612875171005726
17.74481616666617,-0.0029435530304908752,0.006927666254341602,0.001157277962192893
17.764709166666762,0.015407698228955269,-0.023056071251630783,-0.006403153762221336
17.784602166666446,0.003707573749125004,0.0065667941235005856,0.0038026294205337763
17.80449516666613,0.0037597508635371923,0.011161052621901035,-0.0034504681825637817
17.82438916666615,0.005026071798056364,-0.0022154212929308414,-0.0019680431578308344
17.844282166666744,0.003079718444496393,-0.03242480009794235,-0.002919222693890333
17.864175166666428,0.005517442245036364,-0.024290475994348526,-0.008234234526753426
17.88406816666611,0.009529569186270237,-0.002410982036963105,-0.009287623688578606
17.903961166666704,0.00667219515889883,-0.006252077873796225,-0.007541193626821041
17.923854166666388,-8.957041427493095e-05,-0.024628423154354095,-0.005627978593111038
17.94374716666607,-0.007850101217627525,-0.00752556836232543,-0.004139499273151159
17.963640166666664,0.00047795847058296204,0.011723206378519535,-0.006075567565858364
17.983533166666348,0.003005090868100524,-0.011740035377442837,-0.008101184852421284
18.00342616666694,0.0070204539224505424,0.0015098018338903785,-0.006651993840932846
18.023319166666624,-0.0039780037477612495,0.006375625729560852,-0.013570763170719147
18.043213166666646,-0.015627365559339523,0.005113683175295591,-0.014400595799088478
18.06310616666633,-0.014594453386962414,-0.02129078470170498,-0.016210269182920456
18.082999166666923,-0.021065860986709595,-0.03283270448446274,-0.011077949777245522
18.102892166666606,-0.02264087274670601,-0.04742484912276268,-0.005562769714742899
18.12278516666629,-0.02486376464366913,-0.06478752940893173,-0.00548597751185298
18.142678166666883,-0.02441667951643467,-0.06852848082780838,-0.0024012213107198477
18.162571166666567,-0.023055097088217735,-0.03932816535234451,-0.01014980673789978
18.18246416666625,-0.2988012433052063,0.049576546996831894,0.1035117581486702
18.202357166666843,-0.13211552798748016,-0.39602455496788025,0.0385529100894928
18.222250166666527,-0.025624817237257957,-0.3508286476135254,0.045644015073776245
18.24214316666621,-0.0288299061357975,-0.0016824707854539156,0.0163615383207798
18.262037166666232,0.001260791439563036,0.14995479583740234,-0.002096682321280241
18.281930166666825,0.09604794532060623,0.1064787432551384,-0.03593236953020096
18.30182316666651,0.09609774500131607,0.10794427990913391,-0.05531858652830124
18.321716166666192,0.07744413614273071,0.20542758703231812,-0.0564018078148365
18.341609166666785,0.0560845211148262,0.13163167238235474,-0.024781830608844757
